match_id,year,id,over,ball,runs,extras,extra_type,batter,batter_runs,batter_balls,batter_sr,nonstriker,nonstriker_runs,nonstriker_balls,nonstriker_sr,bowler,batter_out,wicket_type,team,team_code,innings_runs,innings_wickets,innings_balls
492510,2011,119060,19.0,6.0,1.0,0.0,,James Taylor,18,15,120.0,Wayne White,10,5,200.0,Alfonso Thomas,,,Leicestershire,Leics,144.0,6,119.0
492510,2011,13060,3.0,6.0,1.0,0.0,,Abdul Razzaq,7,10,70.0,Will Jefferson,2,4,50.0,Kieron Pollard,,,Leicestershire,Leics,27.0,1,23.0
492510,2011,13050,3.0,5.0,1.0,0.0,,Will Jefferson,2,4,50.0,Abdul Razzaq,6,9,66.67,Kieron Pollard,,,Leicestershire,Leics,26.0,1,22.0
492510,2011,13040,3.0,4.0,0.0,0.0,,Will Jefferson,1,3,33.33,Abdul Razzaq,6,9,66.67,Kieron Pollard,,,Leicestershire,Leics,26.0,1,21.0
492510,2011,13030,3.0,3.0,0.0,0.0,,Will Jefferson,1,2,50.0,Abdul Razzaq,6,9,66.67,Kieron Pollard,,,Leicestershire,Leics,26.0,1,20.0
492510,2011,13020,3.0,2.0,1.0,0.0,,Abdul Razzaq,6,9,66.67,Will Jefferson,1,1,100.0,Kieron Pollard,,,Leicestershire,Leics,25.0,1,19.0
492510,2011,13010,3.0,1.0,1.0,0.0,,Will Jefferson,1,1,100.0,Abdul Razzaq,5,8,62.5,Kieron Pollard,,,Leicestershire,Leics,24.0,1,18.0
492510,2011,12060,2.0,6.0,0.0,0.0,,Abdul Razzaq,5,8,62.5,Will Jefferson,0,0,,Steve Kirby,,,Leicestershire,Leics,24.0,1,17.0
492510,2011,12050,2.0,5.0,0.0,0.0,,Josh Cobb,18,10,180.0,Abdul Razzaq,5,7,71.43,Steve Kirby,JJ Cobb,JJ Cobb c Pollard b Kirby 18 (10m 10b 2x4 1x6) SR: 180.00,Leicestershire,Leics,24.0,0,16.0
492510,2011,12040,2.0,4.0,2.0,0.0,,Josh Cobb,18,9,200.0,Abdul Razzaq,5,7,71.43,Steve Kirby,,,Leicestershire,Leics,22.0,0,15.0
492510,2011,12030,2.0,3.0,0.0,0.0,,Josh Cobb,16,8,200.0,Abdul Razzaq,5,7,71.43,Steve Kirby,,,Leicestershire,Leics,22.0,0,14.0
492510,2011,12020,2.0,2.0,0.0,0.0,,Josh Cobb,16,7,228.57,Abdul Razzaq,5,7,71.43,Steve Kirby,,,Leicestershire,Leics,22.0,0,13.0
492510,2011,12010,2.0,1.0,1.0,0.0,,Abdul Razzaq,5,7,71.43,Josh Cobb,16,6,266.67,Steve Kirby,,,Leicestershire,Leics,21.0,0,12.0
492510,2011,11070,1.0,6.0,6.0,0.0,,Josh Cobb,16,6,266.67,Abdul Razzaq,4,6,66.67,Alfonso Thomas,,,Leicestershire,Leics,15.0,0,11.0
492510,2011,11060,1.0,5.0,0.0,0.0,,Josh Cobb,10,5,200.0,Abdul Razzaq,4,6,66.67,Alfonso Thomas,,,Leicestershire,Leics,15.0,0,10.0
492510,2011,11050,1.0,4.0,4.0,0.0,,Josh Cobb,10,4,250.0,Abdul Razzaq,4,6,66.67,Alfonso Thomas,,,Leicestershire,Leics,11.0,0,9.0
492510,2011,11040,1.0,3.0,4.0,0.0,,Josh Cobb,6,3,200.0,Abdul Razzaq,4,6,66.67,Alfonso Thomas,,,Leicestershire,Leics,7.0,0,8.0
492510,2011,11030,1.0,2.0,2.0,0.0,,Josh Cobb,2,2,100.0,Abdul Razzaq,4,6,66.67,Alfonso Thomas,,,Leicestershire,Leics,5.0,0,7.0
492510,2011,11020,1.0,2.0,0.0,1.0,wd,Josh Cobb,0,1,0.0,Abdul Razzaq,4,6,66.67,Alfonso Thomas,,,Leicestershire,Leics,4.0,0,7.0
492510,2011,11010,1.0,1.0,0.0,0.0,,Josh Cobb,0,1,0.0,Abdul Razzaq,4,6,66.67,Alfonso Thomas,,,Leicestershire,Leics,4.0,0,6.0
492510,2011,160,0.0,6.0,0.0,0.0,,Abdul Razzaq,4,6,66.67,Josh Cobb,0,0,,Murali Kartik,,,Leicestershire,Leics,4.0,0,5.0
492510,2011,150,0.0,5.0,0.0,0.0,,Abdul Razzaq,4,5,80.0,Josh Cobb,0,0,,Murali Kartik,,,Leicestershire,Leics,4.0,0,4.0
492510,2011,140,0.0,4.0,4.0,0.0,,Abdul Razzaq,4,4,100.0,Josh Cobb,0,0,,Murali Kartik,,,Leicestershire,Leics,0.0,0,3.0
492510,2011,130,0.0,3.0,0.0,0.0,,Abdul Razzaq,0,3,0.0,Josh Cobb,0,0,,Murali Kartik,,,Leicestershire,Leics,0.0,0,2.0
492510,2011,120,0.0,2.0,0.0,0.0,,Abdul Razzaq,0,2,0.0,Josh Cobb,0,0,,Murali Kartik,,,Leicestershire,Leics,0.0,0,1.0
492510,2011,110,0.0,1.0,0.0,0.0,,Abdul Razzaq,0,1,0.0,Josh Cobb,0,0,,Murali Kartik,,,Leicestershire,Leics,0.0,0,0.0
492510,2011,17050,7.0,5.0,0.0,0.0,,Will Jefferson,10,14,71.43,Abdul Razzaq,21,23,91.3,Murali Kartik,,,Leicestershire,Leics,52.0,1,46.0
492510,2011,17040,7.0,4.0,0.0,0.0,,Will Jefferson,10,13,76.92,Abdul Razzaq,21,23,91.3,Murali Kartik,,,Leicestershire,Leics,52.0,1,45.0
492510,2011,17030,7.0,3.0,1.0,0.0,,Abdul Razzaq,21,23,91.3,Will Jefferson,10,12,83.33,Murali Kartik,,,Leicestershire,Leics,51.0,1,44.0
492510,2011,17020,7.0,2.0,1.0,0.0,,Will Jefferson,10,12,83.33,Abdul Razzaq,20,22,90.91,Murali Kartik,,,Leicestershire,Leics,50.0,1,43.0
492510,2011,17010,7.0,1.0,0.0,0.0,,Will Jefferson,9,11,81.82,Abdul Razzaq,20,22,90.91,Murali Kartik,,,Leicestershire,Leics,50.0,1,42.0
492510,2011,16060,6.0,6.0,0.0,0.0,,Abdul Razzaq,20,22,90.91,Will Jefferson,9,10,90.0,Arul Suppiah,,,Leicestershire,Leics,50.0,1,41.0
492510,2011,16050,6.0,5.0,0.0,0.0,,Abdul Razzaq,20,21,95.24,Will Jefferson,9,10,90.0,Arul Suppiah,,,Leicestershire,Leics,50.0,1,40.0
492510,2011,16040,6.0,4.0,1.0,0.0,,Will Jefferson,9,10,90.0,Abdul Razzaq,20,20,100.0,Arul Suppiah,,,Leicestershire,Leics,49.0,1,39.0
492510,2011,16030,6.0,3.0,1.0,0.0,,Abdul Razzaq,20,20,100.0,Will Jefferson,8,9,88.89,Arul Suppiah,,,Leicestershire,Leics,48.0,1,38.0
492510,2011,16020,6.0,2.0,0.0,0.0,,Abdul Razzaq,19,19,100.0,Will Jefferson,8,9,88.89,Arul Suppiah,,,Leicestershire,Leics,48.0,1,37.0
492510,2011,16010,6.0,1.0,4.0,0.0,,Abdul Razzaq,19,18,105.56,Will Jefferson,8,9,88.89,Arul Suppiah,,,Leicestershire,Leics,44.0,1,36.0
492510,2011,15060,5.0,6.0,0.0,0.0,,Will Jefferson,8,9,88.89,Abdul Razzaq,15,17,88.24,Murali Kartik,,,Leicestershire,Leics,44.0,1,35.0
492510,2011,15050,5.0,5.0,1.0,0.0,,Abdul Razzaq,15,17,88.24,Will Jefferson,8,8,100.0,Murali Kartik,,,Leicestershire,Leics,43.0,1,34.0
492510,2011,15040,5.0,4.0,0.0,0.0,,Abdul Razzaq,14,16,87.5,Will Jefferson,8,8,100.0,Murali Kartik,,,Leicestershire,Leics,43.0,1,33.0
492510,2011,15030,5.0,3.0,0.0,0.0,,Abdul Razzaq,14,15,93.33,Will Jefferson,8,8,100.0,Murali Kartik,,,Leicestershire,Leics,43.0,1,32.0
492510,2011,15020,5.0,2.0,1.0,0.0,,Will Jefferson,8,8,100.0,Abdul Razzaq,14,14,100.0,Murali Kartik,,,Leicestershire,Leics,42.0,1,31.0
492510,2011,15010,5.0,1.0,0.0,0.0,,Will Jefferson,7,7,100.0,Abdul Razzaq,14,14,100.0,Murali Kartik,,,Leicestershire,Leics,42.0,1,30.0
492510,2011,14080,4.0,6.0,1.0,0.0,,Will Jefferson,7,6,116.67,Abdul Razzaq,14,14,100.0,Steve Kirby,,,Leicestershire,Leics,41.0,1,29.0
492510,2011,14070,4.0,5.0,4.0,0.0,,Will Jefferson,6,5,120.0,Abdul Razzaq,14,14,100.0,Steve Kirby,,,Leicestershire,Leics,37.0,1,28.0
492510,2011,14060,4.0,4.0,1.0,0.0,,Abdul Razzaq,14,14,100.0,Will Jefferson,2,4,50.0,Steve Kirby,,,Leicestershire,Leics,36.0,1,27.0
492510,2011,14050,4.0,3.0,0.0,0.0,,Abdul Razzaq,13,13,100.0,Will Jefferson,2,4,50.0,Steve Kirby,,,Leicestershire,Leics,36.0,1,26.0
492510,2011,14040,4.0,3.0,0.0,1.0,wd,Abdul Razzaq,13,12,108.33,Will Jefferson,2,4,50.0,Steve Kirby,,,Leicestershire,Leics,35.0,1,26.0
492510,2011,14030,4.0,2.0,2.0,0.0,,Abdul Razzaq,13,12,108.33,Will Jefferson,2,4,50.0,Steve Kirby,,,Leicestershire,Leics,33.0,1,25.0
492510,2011,14020,4.0,1.0,4.0,0.0,,Abdul Razzaq,11,11,100.0,Will Jefferson,2,4,50.0,Steve Kirby,,,Leicestershire,Leics,29.0,1,24.0
492510,2011,14010,4.0,1.0,0.0,1.0,wd,Abdul Razzaq,7,10,70.0,Will Jefferson,2,4,50.0,Steve Kirby,,,Leicestershire,Leics,28.0,1,24.0
492510,2011,111040,11.0,3.0,0.0,0.0,,Abdul Razzaq,33,32,103.12,Will Jefferson,34,27,125.93,Kieron Pollard,,,Leicestershire,Leics,94.0,1,68.0
492510,2011,111030,11.0,3.0,0.0,1.0,wd,Abdul Razzaq,33,31,106.45,Will Jefferson,34,27,125.93,Kieron Pollard,,,Leicestershire,Leics,93.0,1,68.0
492510,2011,111020,11.0,2.0,1.0,0.0,,Will Jefferson,34,27,125.93,Abdul Razzaq,33,31,106.45,Kieron Pollard,,,Leicestershire,Leics,92.0,1,67.0
492510,2011,111010,11.0,1.0,1.0,0.0,,Abdul Razzaq,33,31,106.45,Will Jefferson,33,26,126.92,Kieron Pollard,,,Leicestershire,Leics,91.0,1,66.0
492510,2011,110060,10.0,6.0,2.0,0.0,,Will Jefferson,33,26,126.92,Abdul Razzaq,32,30,106.67,Alfonso Thomas,,,Leicestershire,Leics,89.0,1,65.0
492510,2011,110050,10.0,5.0,1.0,0.0,,Abdul Razzaq,32,30,106.67,Will Jefferson,31,25,124.0,Alfonso Thomas,,,Leicestershire,Leics,88.0,1,64.0
492510,2011,110040,10.0,4.0,1.0,0.0,,Will Jefferson,31,25,124.0,Abdul Razzaq,31,29,106.9,Alfonso Thomas,,,Leicestershire,Leics,87.0,1,63.0
492510,2011,110030,10.0,3.0,1.0,0.0,,Abdul Razzaq,31,29,106.9,Will Jefferson,30,24,125.0,Alfonso Thomas,,,Leicestershire,Leics,86.0,1,62.0
492510,2011,110020,10.0,2.0,4.0,0.0,,Abdul Razzaq,30,28,107.14,Will Jefferson,30,24,125.0,Alfonso Thomas,,,Leicestershire,Leics,82.0,1,61.0
492510,2011,110010,10.0,1.0,4.0,0.0,,Abdul Razzaq,26,27,96.3,Will Jefferson,30,24,125.0,Alfonso Thomas,,,Leicestershire,Leics,78.0,1,60.0
492510,2011,19070,9.0,6.0,0.0,0.0,,Will Jefferson,30,24,125.0,Abdul Razzaq,22,26,84.62,Kieron Pollard,,,Leicestershire,Leics,78.0,1,59.0
492510,2011,19060,9.0,5.0,4.0,0.0,,Will Jefferson,30,23,130.43,Abdul Razzaq,22,26,84.62,Kieron Pollard,,,Leicestershire,Leics,74.0,1,58.0
492510,2011,19050,9.0,4.0,1.0,0.0,,Abdul Razzaq,22,26,84.62,Will Jefferson,26,22,118.18,Kieron Pollard,,,Leicestershire,Leics,73.0,1,57.0
492510,2011,19040,9.0,3.0,0.0,0.0,,Abdul Razzaq,21,25,84.0,Will Jefferson,26,22,118.18,Kieron Pollard,,,Leicestershire,Leics,73.0,1,56.0
492510,2011,19030,9.0,2.0,0.0,1.0,b,Will Jefferson,26,22,118.18,Abdul Razzaq,21,24,87.5,Kieron Pollard,,,Leicestershire,Leics,72.0,1,55.0
492510,2011,19020,9.0,1.0,0.0,1.0,lb,Abdul Razzaq,21,24,87.5,Will Jefferson,26,21,123.81,Kieron Pollard,,,Leicestershire,Leics,71.0,1,54.0
492510,2011,19010,9.0,1.0,0.0,2.0,wd,Will Jefferson,26,21,123.81,Abdul Razzaq,21,23,91.3,Kieron Pollard,,,Leicestershire,Leics,69.0,1,54.0
492510,2011,18070,8.0,6.0,1.0,0.0,,Will Jefferson,26,21,123.81,Abdul Razzaq,21,23,91.3,Arul Suppiah,,,Leicestershire,Leics,68.0,1,53.0
492510,2011,18060,8.0,6.0,0.0,1.0,wd,Will Jefferson,25,20,125.0,Abdul Razzaq,21,23,91.3,Arul Suppiah,,,Leicestershire,Leics,67.0,1,53.0
492510,2011,18050,8.0,5.0,6.0,0.0,,Will Jefferson,25,20,125.0,Abdul Razzaq,21,23,91.3,Arul Suppiah,,,Leicestershire,Leics,61.0,1,52.0
492510,2011,18040,8.0,4.0,6.0,0.0,,Will Jefferson,19,19,100.0,Abdul Razzaq,21,23,91.3,Arul Suppiah,,,Leicestershire,Leics,55.0,1,51.0
492510,2011,18030,8.0,3.0,0.0,0.0,,Will Jefferson,13,18,72.22,Abdul Razzaq,21,23,91.3,Arul Suppiah,,,Leicestershire,Leics,55.0,1,50.0
492510,2011,18020,8.0,2.0,0.0,0.0,,Will Jefferson,13,17,76.47,Abdul Razzaq,21,23,91.3,Arul Suppiah,,,Leicestershire,Leics,55.0,1,49.0
492510,2011,18010,8.0,1.0,2.0,0.0,,Will Jefferson,13,16,81.25,Abdul Razzaq,21,23,91.3,Arul Suppiah,,,Leicestershire,Leics,53.0,1,48.0
492510,2011,17060,7.0,6.0,1.0,0.0,,Will Jefferson,11,15,73.33,Abdul Razzaq,21,23,91.3,Murali Kartik,,,Leicestershire,Leics,52.0,1,47.0
492510,2011,115040,15.0,4.0,1.0,0.0,,James Taylor,5,5,100.0,Andrew McDonald,2,4,50.0,Craig Meschede,,,Leicestershire,Leics,107.0,5,93.0
492510,2011,115030,15.0,3.0,2.0,0.0,,James Taylor,4,4,100.0,Andrew McDonald,2,4,50.0,Craig Meschede,,,Leicestershire,Leics,105.0,5,92.0
492510,2011,115020,15.0,2.0,1.0,0.0,,Andrew McDonald,2,4,50.0,James Taylor,2,3,66.67,Craig Meschede,,,Leicestershire,Leics,104.0,5,91.0
492510,2011,115010,15.0,1.0,0.0,0.0,,Andrew McDonald,1,3,33.33,James Taylor,2,3,66.67,Craig Meschede,,,Leicestershire,Leics,104.0,5,90.0
492510,2011,114060,14.0,6.0,0.0,0.0,,James Taylor,2,3,66.67,Andrew McDonald,1,2,50.0,Arul Suppiah,,,Leicestershire,Leics,104.0,5,89.0
492510,2011,114050,14.0,5.0,2.0,0.0,,James Taylor,2,2,100.0,Andrew McDonald,1,2,50.0,Arul Suppiah,,,Leicestershire,Leics,102.0,5,88.0
492510,2011,114040,14.0,4.0,0.0,0.0,,James Taylor,0,1,0.0,Andrew McDonald,1,2,50.0,Arul Suppiah,,,Leicestershire,Leics,102.0,5,87.0
492510,2011,114030,14.0,3.0,0.0,0.0,,Jacques Du Toit,2,8,25.0,Andrew McDonald,1,2,50.0,Arul Suppiah,J du Toit,J du Toit c Kirby b Suppiah 2 (10m 8b 0x4 0x6) SR: 25.00,Leicestershire,Leics,102.0,4,86.0
492510,2011,114020,14.0,2.0,1.0,0.0,,Andrew McDonald,1,2,50.0,Jacques Du Toit,2,7,28.57,Arul Suppiah,,,Leicestershire,Leics,101.0,4,85.0
492510,2011,114010,14.0,1.0,0.0,0.0,,Andrew McDonald,0,1,0.0,Jacques Du Toit,2,7,28.57,Arul Suppiah,,,Leicestershire,Leics,101.0,4,84.0
492510,2011,113060,13.0,6.0,0.0,0.0,,Paul Nixon,4,5,80.0,Jacques Du Toit,2,7,28.57,Craig Meschede,PA Nixon,PA Nixon c Pollard b Meschede 4 (3m 5b 1x4 0x6) SR: 80.00,Leicestershire,Leics,101.0,3,83.0
492510,2011,113050,13.0,5.0,4.0,0.0,,Paul Nixon,4,4,100.0,Jacques Du Toit,2,7,28.57,Craig Meschede,,,Leicestershire,Leics,97.0,3,82.0
492510,2011,113040,13.0,4.0,0.0,0.0,,Paul Nixon,0,3,0.0,Jacques Du Toit,2,7,28.57,Craig Meschede,,,Leicestershire,Leics,97.0,3,81.0
492510,2011,113030,13.0,3.0,0.0,0.0,,Paul Nixon,0,2,0.0,Jacques Du Toit,2,7,28.57,Craig Meschede,,,Leicestershire,Leics,97.0,3,80.0
492510,2011,113020,13.0,2.0,0.0,0.0,,Paul Nixon,0,1,0.0,Jacques Du Toit,2,7,28.57,Craig Meschede,,,Leicestershire,Leics,97.0,3,79.0
492510,2011,113010,13.0,1.0,1.0,0.0,,Jacques Du Toit,2,7,28.57,Paul Nixon,0,0,,Craig Meschede,,,Leicestershire,Leics,96.0,3,78.0
492510,2011,112060,12.0,6.0,0.0,0.0,,Will Jefferson,35,29,120.69,Jacques Du Toit,1,6,16.67,Arul Suppiah,WI Jefferson,WI Jefferson lbw b Suppiah 35 (37m 29b 2x4 2x6) SR: 120.68,Leicestershire,Leics,96.0,2,77.0
492510,2011,112050,12.0,5.0,1.0,0.0,,Jacques Du Toit,1,6,16.67,Will Jefferson,35,28,125.0,Arul Suppiah,,,Leicestershire,Leics,95.0,2,76.0
492510,2011,112040,12.0,4.0,0.0,0.0,,Jacques Du Toit,0,5,0.0,Will Jefferson,35,28,125.0,Arul Suppiah,,,Leicestershire,Leics,95.0,2,75.0
492510,2011,112030,12.0,3.0,0.0,0.0,,Jacques Du Toit,0,4,0.0,Will Jefferson,35,28,125.0,Arul Suppiah,,,Leicestershire,Leics,95.0,2,74.0
492510,2011,112020,12.0,2.0,0.0,0.0,,Jacques Du Toit,0,3,0.0,Will Jefferson,35,28,125.0,Arul Suppiah,,,Leicestershire,Leics,95.0,2,73.0
492510,2011,112010,12.0,1.0,1.0,0.0,,Will Jefferson,35,28,125.0,Jacques Du Toit,0,2,0.0,Arul Suppiah,,,Leicestershire,Leics,94.0,2,72.0
492510,2011,111070,11.0,6.0,0.0,0.0,,Jacques Du Toit,0,2,0.0,Will Jefferson,34,27,125.93,Kieron Pollard,,,Leicestershire,Leics,94.0,2,71.0
492510,2011,111060,11.0,5.0,0.0,0.0,,Jacques Du Toit,0,1,0.0,Will Jefferson,34,27,125.93,Kieron Pollard,,,Leicestershire,Leics,94.0,2,70.0
492510,2011,111050,11.0,4.0,0.0,0.0,,Abdul Razzaq,33,33,100.0,Will Jefferson,34,27,125.93,Kieron Pollard,Abdul Razzaq,Abdul Razzaq c &amp; b Pollard 33 (43m 33b 5x4 0x6) SR: 100.00,Leicestershire,Leics,94.0,1,69.0
492510,2011,119050,19.0,5.0,0.0,1.0,lb,Wayne White,10,5,200.0,James Taylor,17,14,121.43,Alfonso Thomas,,,Leicestershire,Leics,143.0,6,118.0
492510,2011,119040,19.0,4.0,2.0,0.0,,Wayne White,10,4,250.0,James Taylor,17,14,121.43,Alfonso Thomas,,,Leicestershire,Leics,141.0,6,117.0
492510,2011,119030,19.0,3.0,2.0,0.0,,Wayne White,8,3,266.67,James Taylor,17,14,121.43,Alfonso Thomas,,,Leicestershire,Leics,139.0,6,116.0
492510,2011,119020,19.0,2.0,2.0,0.0,,Wayne White,6,2,300.0,James Taylor,17,14,121.43,Alfonso Thomas,,,Leicestershire,Leics,137.0,6,115.0
492510,2011,119010,19.0,1.0,4.0,0.0,,Wayne White,4,1,400.0,James Taylor,17,14,121.43,Alfonso Thomas,,,Leicestershire,Leics,133.0,6,114.0
492510,2011,118060,18.0,6.0,2.0,0.0,,James Taylor,17,14,121.43,Wayne White,0,0,,Kieron Pollard,,,Leicestershire,Leics,131.0,6,113.0
492510,2011,118050,18.0,5.0,4.0,0.0,,James Taylor,15,13,115.38,Wayne White,0,0,,Kieron Pollard,,,Leicestershire,Leics,127.0,6,112.0
492510,2011,118040,18.0,4.0,0.0,0.0,,Andrew McDonald,14,15,93.33,James Taylor,11,12,91.67,Kieron Pollard,AB McDonald,AB McDonald c Thomas b Pollard 14 (18m 15b 0x4 0x6) SR: 93.33,Leicestershire,Leics,127.0,5,111.0
492510,2011,118030,18.0,3.0,2.0,0.0,,Andrew McDonald,14,14,100.0,James Taylor,11,12,91.67,Kieron Pollard,,,Leicestershire,Leics,125.0,5,110.0
492510,2011,118020,18.0,2.0,1.0,0.0,,James Taylor,11,12,91.67,Andrew McDonald,12,13,92.31,Kieron Pollard,,,Leicestershire,Leics,124.0,5,109.0
492510,2011,118010,18.0,1.0,1.0,0.0,,Andrew McDonald,12,13,92.31,James Taylor,10,11,90.91,Kieron Pollard,,,Leicestershire,Leics,123.0,5,108.0
492510,2011,117060,17.0,6.0,1.0,0.0,,Andrew McDonald,11,12,91.67,James Taylor,10,11,90.91,Alfonso Thomas,,,Leicestershire,Leics,122.0,5,107.0
492510,2011,117050,17.0,5.0,2.0,0.0,,Andrew McDonald,10,11,90.91,James Taylor,10,11,90.91,Alfonso Thomas,,,Leicestershire,Leics,120.0,5,106.0
492510,2011,117040,17.0,4.0,0.0,0.0,,Andrew McDonald,8,10,80.0,James Taylor,10,11,90.91,Alfonso Thomas,,,Leicestershire,Leics,120.0,5,105.0
492510,2011,117030,17.0,3.0,1.0,0.0,,James Taylor,10,11,90.91,Andrew McDonald,8,9,88.89,Alfonso Thomas,,,Leicestershire,Leics,119.0,5,104.0
492510,2011,117020,17.0,2.0,0.0,0.0,,James Taylor,9,10,90.0,Andrew McDonald,8,9,88.89,Alfonso Thomas,,,Leicestershire,Leics,119.0,5,103.0
492510,2011,117010,17.0,1.0,2.0,0.0,,James Taylor,9,9,100.0,Andrew McDonald,8,9,88.89,Alfonso Thomas,,,Leicestershire,Leics,117.0,5,102.0
492510,2011,116060,16.0,6.0,1.0,0.0,,James Taylor,7,8,87.5,Andrew McDonald,8,9,88.89,Murali Kartik,,,Leicestershire,Leics,116.0,5,101.0
492510,2011,116050,16.0,5.0,1.0,0.0,,Andrew McDonald,8,9,88.89,James Taylor,6,7,85.71,Murali Kartik,,,Leicestershire,Leics,115.0,5,100.0
492510,2011,116040,16.0,4.0,1.0,0.0,,James Taylor,6,7,85.71,Andrew McDonald,7,8,87.5,Murali Kartik,,,Leicestershire,Leics,114.0,5,99.0
492510,2011,116030,16.0,3.0,1.0,0.0,,Andrew McDonald,7,8,87.5,James Taylor,5,6,83.33,Murali Kartik,,,Leicestershire,Leics,113.0,5,98.0
492510,2011,116020,16.0,2.0,0.0,1.0,lb,James Taylor,5,6,83.33,Andrew McDonald,6,7,85.71,Murali Kartik,,,Leicestershire,Leics,112.0,5,97.0
492510,2011,116010,16.0,1.0,1.0,0.0,,Andrew McDonald,6,7,85.71,James Taylor,5,5,100.0,Murali Kartik,,,Leicestershire,Leics,111.0,5,96.0
492510,2011,115060,15.0,6.0,1.0,0.0,,Andrew McDonald,5,6,83.33,James Taylor,5,5,100.0,Craig Meschede,,,Leicestershire,Leics,110.0,5,95.0
492510,2011,115050,15.0,5.0,2.0,0.0,,Andrew McDonald,4,5,80.0,James Taylor,5,5,100.0,Craig Meschede,,,Leicestershire,Leics,108.0,5,94.0
492510,2011,219060,19.0,6.0,1.0,0.0,,Murali Kartik,7,6,116.67,Steve Kirby,1,1,100.0,Andrew McDonald,,,Somerset,Somst,126.0,9,119.0
492510,2011,219050,19.0,5.0,2.0,0.0,,Murali Kartik,6,5,120.0,Steve Kirby,1,1,100.0,Andrew McDonald,,,Somerset,Somst,124.0,9,118.0
492510,2011,219040,19.0,4.0,1.0,0.0,,Steve Kirby,1,1,100.0,Murali Kartik,4,4,100.0,Andrew McDonald,,,Somerset,Somst,123.0,9,117.0
492510,2011,219030,19.0,3.0,1.0,0.0,,Murali Kartik,4,4,100.0,Steve Kirby,0,0,,Andrew McDonald,,,Somerset,Somst,122.0,9,116.0
492510,2011,219020,19.0,2.0,0.0,0.0,,Craig Meschede,9,11,81.82,Murali Kartik,3,3,100.0,Abdul Razzaq,CAJ Meschede,CAJ Meschede c Taylor b Abdul Razzaq 9 (16m 11b 0x4 0x6) SR: 81.81,Somerset,Somst,122.0,8,115.0
492510,2011,219010,19.0,1.0,1.0,0.0,,Murali Kartik,3,3,100.0,Craig Meschede,9,10,90.0,Abdul Razzaq,,,Somerset,Somst,121.0,8,114.0
492510,2011,218060,18.0,6.0,1.0,0.0,,Murali Kartik,2,2,100.0,Craig Meschede,9,10,90.0,Josh Cobb,,,Somerset,Somst,120.0,8,113.0
492510,2011,218050,18.0,5.0,1.0,0.0,,Craig Meschede,9,10,90.0,Murali Kartik,1,1,100.0,Josh Cobb,,,Somerset,Somst,119.0,8,112.0
492510,2011,218040,18.0,4.0,1.0,0.0,,Murali Kartik,1,1,100.0,Craig Meschede,8,9,88.89,Josh Cobb,,,Somerset,Somst,118.0,8,111.0
492510,2011,218030,18.0,3.0,3.0,0.0,,Craig Meschede,8,9,88.89,Murali Kartik,0,0,,Josh Cobb,,,Somerset,Somst,115.0,8,110.0
492510,2011,218020,18.0,2.0,0.0,0.0,,Alfonso Thomas,7,8,87.5,Craig Meschede,5,8,62.5,Josh Cobb,AC Thomas,AC Thomas c sub (MAG Boyce) b Cobb 7 (7m 8b 0x4 0x6) SR: 87.50,Somerset,Somst,115.0,7,109.0
492510,2011,218010,18.0,1.0,2.0,0.0,,Alfonso Thomas,7,7,100.0,Craig Meschede,5,8,62.5,Josh Cobb,,,Somerset,Somst,113.0,7,108.0
492510,2011,217070,17.0,6.0,1.0,0.0,,Alfonso Thomas,5,6,83.33,Craig Meschede,5,8,62.5,Abdul Razzaq,,,Somerset,Somst,112.0,7,107.0
492510,2011,217060,17.0,5.0,2.0,0.0,,Alfonso Thomas,4,5,80.0,Craig Meschede,5,8,62.5,Abdul Razzaq,,,Somerset,Somst,110.0,7,106.0
492510,2011,217050,17.0,4.0,0.0,0.0,,Alfonso Thomas,2,4,50.0,Craig Meschede,5,8,62.5,Abdul Razzaq,,,Somerset,Somst,110.0,7,105.0
492510,2011,217040,17.0,3.0,1.0,0.0,,Craig Meschede,5,8,62.5,Alfonso Thomas,2,3,66.67,Abdul Razzaq,,,Somerset,Somst,109.0,7,104.0
492510,2011,217030,17.0,2.0,1.0,0.0,,Alfonso Thomas,2,3,66.67,Craig Meschede,4,7,57.14,Abdul Razzaq,,,Somerset,Somst,108.0,7,103.0
492510,2011,217020,17.0,1.0,1.0,0.0,,Craig Meschede,4,7,57.14,Alfonso Thomas,1,2,50.0,Abdul Razzaq,,,Somerset,Somst,107.0,7,102.0
492510,2011,217010,17.0,1.0,0.0,1.0,wd,Craig Meschede,3,6,50.0,Alfonso Thomas,1,2,50.0,Abdul Razzaq,,,Somerset,Somst,106.0,7,102.0
492510,2011,216060,16.0,6.0,1.0,0.0,,Craig Meschede,3,6,50.0,Alfonso Thomas,1,2,50.0,Josh Cobb,,,Somerset,Somst,105.0,7,101.0
492510,2011,216050,16.0,5.0,1.0,0.0,,Alfonso Thomas,1,2,50.0,Craig Meschede,2,5,40.0,Josh Cobb,,,Somerset,Somst,104.0,7,100.0
492510,2011,24010,4.0,1.0,4.0,0.0,,Marcus Trescothick,16,11,145.45,Craig Kieswetter,15,14,107.14,Matthew Hoggard,,,Somerset,Somst,27.0,0,24.0
492510,2011,23060,3.0,6.0,0.0,0.0,,Craig Kieswetter,15,14,107.14,Marcus Trescothick,12,10,120.0,Abdul Razzaq,,,Somerset,Somst,27.0,0,23.0
492510,2011,23050,3.0,5.0,1.0,0.0,,Marcus Trescothick,12,10,120.0,Craig Kieswetter,15,13,115.38,Abdul Razzaq,,,Somerset,Somst,26.0,0,22.0
492510,2011,23040,3.0,4.0,0.0,0.0,,Marcus Trescothick,11,9,122.22,Craig Kieswetter,15,13,115.38,Abdul Razzaq,,,Somerset,Somst,26.0,0,21.0
492510,2011,23030,3.0,3.0,4.0,0.0,,Marcus Trescothick,11,8,137.5,Craig Kieswetter,15,13,115.38,Abdul Razzaq,,,Somerset,Somst,22.0,0,20.0
492510,2011,23020,3.0,2.0,4.0,0.0,,Marcus Trescothick,7,7,100.0,Craig Kieswetter,15,13,115.38,Abdul Razzaq,,,Somerset,Somst,18.0,0,19.0
492510,2011,23010,3.0,1.0,0.0,0.0,,Marcus Trescothick,3,6,50.0,Craig Kieswetter,15,13,115.38,Abdul Razzaq,,,Somerset,Somst,18.0,0,18.0
492510,2011,22060,2.0,6.0,0.0,0.0,,Craig Kieswetter,15,13,115.38,Marcus Trescothick,3,5,60.0,Matthew Hoggard,,,Somerset,Somst,18.0,0,17.0
492510,2011,22050,2.0,5.0,0.0,0.0,,Craig Kieswetter,15,12,125.0,Marcus Trescothick,3,5,60.0,Matthew Hoggard,,,Somerset,Somst,18.0,0,16.0
492510,2011,22040,2.0,4.0,1.0,0.0,,Marcus Trescothick,3,5,60.0,Craig Kieswetter,15,11,136.36,Matthew Hoggard,,,Somerset,Somst,17.0,0,15.0
492510,2011,22030,2.0,3.0,1.0,0.0,,Craig Kieswetter,15,11,136.36,Marcus Trescothick,2,4,50.0,Matthew Hoggard,,,Somerset,Somst,16.0,0,14.0
492510,2011,22020,2.0,2.0,4.0,0.0,,Craig Kieswetter,14,10,140.0,Marcus Trescothick,2,4,50.0,Matthew Hoggard,,,Somerset,Somst,12.0,0,13.0
492510,2011,22010,2.0,1.0,0.0,0.0,,Craig Kieswetter,10,9,111.11,Marcus Trescothick,2,4,50.0,Matthew Hoggard,,,Somerset,Somst,12.0,0,12.0
492510,2011,21060,1.0,6.0,1.0,0.0,,Craig Kieswetter,10,8,125.0,Marcus Trescothick,2,4,50.0,Abdul Razzaq,,,Somerset,Somst,11.0,0,11.0
492510,2011,21050,1.0,5.0,4.0,0.0,,Craig Kieswetter,9,7,128.57,Marcus Trescothick,2,4,50.0,Abdul Razzaq,,,Somerset,Somst,7.0,0,10.0
492510,2011,21040,1.0,4.0,0.0,0.0,,Craig Kieswetter,5,6,83.33,Marcus Trescothick,2,4,50.0,Abdul Razzaq,,,Somerset,Somst,7.0,0,9.0
492510,2011,21030,1.0,3.0,0.0,0.0,,Craig Kieswetter,5,5,100.0,Marcus Trescothick,2,4,50.0,Abdul Razzaq,,,Somerset,Somst,7.0,0,8.0
492510,2011,21020,1.0,2.0,4.0,0.0,,Craig Kieswetter,5,4,125.0,Marcus Trescothick,2,4,50.0,Abdul Razzaq,,,Somerset,Somst,3.0,0,7.0
492510,2011,21010,1.0,1.0,0.0,0.0,,Craig Kieswetter,1,3,33.33,Marcus Trescothick,2,4,50.0,Abdul Razzaq,,,Somerset,Somst,3.0,0,6.0
492510,2011,260,0.0,6.0,0.0,0.0,,Marcus Trescothick,2,4,50.0,Craig Kieswetter,1,2,50.0,Matthew Hoggard,,,Somerset,Somst,3.0,0,5.0
492510,2011,250,0.0,5.0,1.0,0.0,,Marcus Trescothick,2,3,66.67,Craig Kieswetter,1,2,50.0,Matthew Hoggard,,,Somerset,Somst,2.0,0,4.0
492510,2011,240,0.0,4.0,0.0,0.0,,Marcus Trescothick,1,2,50.0,Craig Kieswetter,1,2,50.0,Matthew Hoggard,,,Somerset,Somst,2.0,0,3.0
492510,2011,230,0.0,3.0,1.0,0.0,,Craig Kieswetter,1,2,50.0,Marcus Trescothick,1,1,100.0,Matthew Hoggard,,,Somerset,Somst,1.0,0,2.0
492510,2011,220,0.0,2.0,0.0,0.0,,Craig Kieswetter,0,1,0.0,Marcus Trescothick,1,1,100.0,Matthew Hoggard,,,Somerset,Somst,1.0,0,1.0
492510,2011,210,0.0,1.0,1.0,0.0,,Marcus Trescothick,1,1,100.0,Craig Kieswetter,0,0,,Matthew Hoggard,,,Somerset,Somst,0.0,0,0.0
492510,2011,28020,8.0,2.0,4.0,0.0,,James Hildreth,8,7,114.29,Peter Trego,11,9,122.22,Andrew McDonald,,,Somerset,Somst,48.0,2,49.0
492510,2011,28010,8.0,1.0,2.0,0.0,,James Hildreth,4,6,66.67,Peter Trego,11,9,122.22,Andrew McDonald,,,Somerset,Somst,46.0,2,48.0
492510,2011,27060,7.0,6.0,0.0,0.0,,Peter Trego,11,9,122.22,James Hildreth,2,5,40.0,Claude Henderson,,,Somerset,Somst,46.0,2,47.0
492510,2011,27050,7.0,5.0,1.0,0.0,,James Hildreth,2,5,40.0,Peter Trego,11,8,137.5,Claude Henderson,,,Somerset,Somst,45.0,2,46.0
492510,2011,27040,7.0,4.0,1.0,0.0,,Peter Trego,11,8,137.5,James Hildreth,1,4,25.0,Claude Henderson,,,Somerset,Somst,44.0,2,45.0
492510,2011,27030,7.0,3.0,1.0,0.0,,James Hildreth,1,4,25.0,Peter Trego,10,7,142.86,Claude Henderson,,,Somerset,Somst,43.0,2,44.0
492510,2011,27020,7.0,2.0,0.0,0.0,,James Hildreth,0,3,0.0,Peter Trego,10,7,142.86,Claude Henderson,,,Somerset,Somst,43.0,2,43.0
492510,2011,27010,7.0,1.0,1.0,0.0,,Peter Trego,10,7,142.86,James Hildreth,0,2,0.0,Claude Henderson,,,Somerset,Somst,42.0,2,42.0
492510,2011,26060,6.0,6.0,0.0,0.0,,James Hildreth,0,2,0.0,Peter Trego,9,6,150.0,Andrew McDonald,,,Somerset,Somst,42.0,2,41.0
492510,2011,26050,6.0,5.0,0.0,0.0,,James Hildreth,0,1,0.0,Peter Trego,9,6,150.0,Andrew McDonald,,,Somerset,Somst,42.0,2,40.0
492510,2011,26040,6.0,4.0,0.0,0.0,,Craig Kieswetter,17,20,85.0,Peter Trego,9,6,150.0,Andrew McDonald,C Kieswetter,C Kieswetter  b McDonald 17 (28m 20b 3x4 0x6) SR: 85.00,Somerset,Somst,42.0,1,39.0
492510,2011,26030,6.0,3.0,1.0,0.0,,Peter Trego,9,6,150.0,Craig Kieswetter,17,19,89.47,Andrew McDonald,,,Somerset,Somst,41.0,1,38.0
492510,2011,26020,6.0,2.0,4.0,0.0,,Peter Trego,8,5,160.0,Craig Kieswetter,17,19,89.47,Andrew McDonald,,,Somerset,Somst,37.0,1,37.0
492510,2011,26010,6.0,1.0,1.0,0.0,,Craig Kieswetter,17,19,89.47,Peter Trego,4,4,100.0,Andrew McDonald,,,Somerset,Somst,36.0,1,36.0
492510,2011,25060,5.0,6.0,0.0,0.0,,Peter Trego,4,4,100.0,Craig Kieswetter,16,18,88.89,Claude Henderson,,,Somerset,Somst,36.0,1,35.0
492510,2011,25050,5.0,5.0,0.0,0.0,,Peter Trego,4,3,133.33,Craig Kieswetter,16,18,88.89,Claude Henderson,,,Somerset,Somst,36.0,1,34.0
492510,2011,25040,5.0,4.0,1.0,0.0,,Craig Kieswetter,16,18,88.89,Peter Trego,4,2,200.0,Claude Henderson,,,Somerset,Somst,35.0,1,33.0
492510,2011,25030,5.0,3.0,0.0,0.0,,Craig Kieswetter,15,17,88.24,Peter Trego,4,2,200.0,Claude Henderson,,,Somerset,Somst,35.0,1,32.0
492510,2011,25020,5.0,2.0,0.0,0.0,,Craig Kieswetter,15,16,93.75,Peter Trego,4,2,200.0,Claude Henderson,,,Somerset,Somst,35.0,1,31.0
492510,2011,25010,5.0,1.0,0.0,0.0,,Craig Kieswetter,15,15,100.0,Peter Trego,4,2,200.0,Claude Henderson,,,Somerset,Somst,35.0,1,30.0
492510,2011,24060,4.0,6.0,0.0,0.0,,Peter Trego,4,2,200.0,Craig Kieswetter,15,14,107.14,Matthew Hoggard,,,Somerset,Somst,35.0,1,29.0
492510,2011,24050,4.0,5.0,4.0,0.0,,Peter Trego,4,1,400.0,Craig Kieswetter,15,14,107.14,Matthew Hoggard,,,Somerset,Somst,31.0,1,28.0
492510,2011,24040,4.0,4.0,0.0,0.0,,Marcus Trescothick,16,14,114.29,Craig Kieswetter,15,14,107.14,Matthew Hoggard,ME Trescothick,ME Trescothick c Cobb b Hoggard 16 (19m 14b 3x4 0x6) SR: 114.28,Somerset,Somst,31.0,0,27.0
492510,2011,24030,4.0,3.0,0.0,0.0,,Marcus Trescothick,16,13,123.08,Craig Kieswetter,15,14,107.14,Matthew Hoggard,,,Somerset,Somst,31.0,0,26.0
492510,2011,24020,4.0,2.0,0.0,0.0,,Marcus Trescothick,16,12,133.33,Craig Kieswetter,15,14,107.14,Matthew Hoggard,,,Somerset,Somst,31.0,0,25.0
492510,2011,212030,12.0,3.0,1.0,0.0,,Peter Trego,31,21,147.62,James Hildreth,20,20,100.0,Josh Cobb,,,Somerset,Somst,83.0,2,74.0
492510,2011,212020,12.0,2.0,1.0,0.0,,James Hildreth,20,20,100.0,Peter Trego,30,20,150.0,Josh Cobb,,,Somerset,Somst,82.0,2,73.0
492510,2011,212010,12.0,1.0,2.0,0.0,,James Hildreth,19,19,100.0,Peter Trego,30,20,150.0,Josh Cobb,,,Somerset,Somst,80.0,2,72.0
492510,2011,211060,11.0,6.0,2.0,0.0,,Peter Trego,30,20,150.0,James Hildreth,17,18,94.44,Jigar Naik,,,Somerset,Somst,78.0,2,71.0
492510,2011,211050,11.0,5.0,1.0,0.0,,James Hildreth,17,18,94.44,Peter Trego,28,19,147.37,Jigar Naik,,,Somerset,Somst,77.0,2,70.0
492510,2011,211040,11.0,4.0,0.0,0.0,,James Hildreth,16,17,94.12,Peter Trego,28,19,147.37,Jigar Naik,,,Somerset,Somst,77.0,2,69.0
492510,2011,211030,11.0,3.0,2.0,0.0,,James Hildreth,16,16,100.0,Peter Trego,28,19,147.37,Jigar Naik,,,Somerset,Somst,75.0,2,68.0
492510,2011,211020,11.0,2.0,1.0,0.0,,Peter Trego,28,19,147.37,James Hildreth,14,15,93.33,Jigar Naik,,,Somerset,Somst,74.0,2,67.0
492510,2011,211010,11.0,1.0,4.0,0.0,,Peter Trego,27,18,150.0,James Hildreth,14,15,93.33,Jigar Naik,,,Somerset,Somst,70.0,2,66.0
492510,2011,210060,10.0,6.0,1.0,0.0,,Peter Trego,23,17,135.29,James Hildreth,14,15,93.33,Andrew McDonald,,,Somerset,Somst,69.0,2,65.0
492510,2011,210050,10.0,5.0,1.0,0.0,,James Hildreth,14,15,93.33,Peter Trego,22,16,137.5,Andrew McDonald,,,Somerset,Somst,68.0,2,64.0
492510,2011,210040,10.0,4.0,1.0,0.0,,Peter Trego,22,16,137.5,James Hildreth,13,14,92.86,Andrew McDonald,,,Somerset,Somst,67.0,2,63.0
492510,2011,210030,10.0,3.0,4.0,0.0,,Peter Trego,21,15,140.0,James Hildreth,13,14,92.86,Andrew McDonald,,,Somerset,Somst,63.0,2,62.0
492510,2011,210020,10.0,2.0,4.0,0.0,,Peter Trego,17,14,121.43,James Hildreth,13,14,92.86,Andrew McDonald,,,Somerset,Somst,59.0,2,61.0
492510,2011,210010,10.0,1.0,1.0,0.0,,James Hildreth,13,14,92.86,Peter Trego,13,13,100.0,Andrew McDonald,,,Somerset,Somst,58.0,2,60.0
492510,2011,29060,9.0,6.0,0.0,0.0,,Peter Trego,13,13,100.0,James Hildreth,12,13,92.31,Claude Henderson,,,Somerset,Somst,58.0,2,59.0
492510,2011,29050,9.0,5.0,0.0,0.0,,Peter Trego,13,12,108.33,James Hildreth,12,13,92.31,Claude Henderson,,,Somerset,Somst,58.0,2,58.0
492510,2011,29040,9.0,4.0,1.0,0.0,,James Hildreth,12,13,92.31,Peter Trego,13,11,118.18,Claude Henderson,,,Somerset,Somst,57.0,2,57.0
492510,2011,29030,9.0,3.0,0.0,0.0,,James Hildreth,11,12,91.67,Peter Trego,13,11,118.18,Claude Henderson,,,Somerset,Somst,57.0,2,56.0
492510,2011,29020,9.0,2.0,1.0,0.0,,Peter Trego,13,11,118.18,James Hildreth,11,11,100.0,Claude Henderson,,,Somerset,Somst,56.0,2,55.0
492510,2011,29010,9.0,1.0,1.0,0.0,,James Hildreth,11,11,100.0,Peter Trego,12,10,120.0,Claude Henderson,,,Somerset,Somst,55.0,2,54.0
492510,2011,28060,8.0,6.0,1.0,0.0,,James Hildreth,10,10,100.0,Peter Trego,12,10,120.0,Andrew McDonald,,,Somerset,Somst,54.0,2,53.0
492510,2011,28050,8.0,5.0,0.0,0.0,,James Hildreth,9,9,100.0,Peter Trego,12,10,120.0,Andrew McDonald,,,Somerset,Somst,54.0,2,52.0
492510,2011,28040,8.0,4.0,1.0,0.0,,Peter Trego,12,10,120.0,James Hildreth,9,8,112.5,Andrew McDonald,,,Somerset,Somst,53.0,2,51.0
492510,2011,28030,8.0,3.0,1.0,0.0,,James Hildreth,9,8,112.5,Peter Trego,11,9,122.22,Andrew McDonald,,,Somerset,Somst,52.0,2,50.0
492510,2011,216040,16.0,4.0,0.0,0.0,,Alfonso Thomas,0,1,0.0,Craig Meschede,2,5,40.0,Josh Cobb,,,Somerset,Somst,104.0,7,99.0
492510,2011,216030,16.0,3.0,1.0,0.0,,Craig Meschede,2,5,40.0,Alfonso Thomas,0,0,,Josh Cobb,,,Somerset,Somst,103.0,7,98.0
492510,2011,216020,16.0,2.0,0.0,0.0,,Jos Buttler,12,11,109.09,Craig Meschede,1,4,25.0,Josh Cobb,JC Buttler,JC Buttler c sub (MAG Boyce) b Cobb 12 (10m 11b 1x4 0x6) SR: 109.09,Somerset,Somst,103.0,6,97.0
492510,2011,216010,16.0,1.0,2.0,0.0,,Jos Buttler,12,10,120.0,Craig Meschede,1,4,25.0,Josh Cobb,,,Somerset,Somst,101.0,6,96.0
492510,2011,215060,15.0,6.0,1.0,0.0,,Jos Buttler,10,9,111.11,Craig Meschede,1,4,25.0,Claude Henderson,,,Somerset,Somst,100.0,6,95.0
492510,2011,215050,15.0,5.0,1.0,0.0,,Craig Meschede,1,4,25.0,Jos Buttler,9,8,112.5,Claude Henderson,,,Somerset,Somst,99.0,6,94.0
492510,2011,215040,15.0,4.0,0.0,0.0,,Craig Meschede,0,3,0.0,Jos Buttler,9,8,112.5,Claude Henderson,,,Somerset,Somst,99.0,6,93.0
492510,2011,215030,15.0,3.0,0.0,0.0,,Craig Meschede,0,2,0.0,Jos Buttler,9,8,112.5,Claude Henderson,,,Somerset,Somst,99.0,6,92.0
492510,2011,215020,15.0,2.0,1.0,0.0,,Jos Buttler,9,8,112.5,Craig Meschede,0,1,0.0,Claude Henderson,,,Somerset,Somst,98.0,6,91.0
492510,2011,215010,15.0,1.0,0.0,0.0,,Jos Buttler,8,7,114.29,Craig Meschede,0,1,0.0,Claude Henderson,,,Somerset,Somst,98.0,6,90.0
492510,2011,214060,14.0,6.0,0.0,0.0,,Craig Meschede,0,1,0.0,Jos Buttler,8,6,133.33,Josh Cobb,,,Somerset,Somst,98.0,6,89.0
492510,2011,214050,14.0,5.0,0.0,1.0,b,Jos Buttler,8,6,133.33,Craig Meschede,0,0,,Josh Cobb,,,Somerset,Somst,97.0,6,88.0
492510,2011,214040,14.0,4.0,0.0,0.0,,Jos Buttler,8,5,160.0,Arul Suppiah,0,0,,Josh Cobb,AV Suppiah,AV Suppiah run out (Cobb) 0 (1m 0b 0x4 0x6),Somerset,Somst,97.0,5,87.0
492510,2011,214030,14.0,3.0,2.0,0.0,,Jos Buttler,8,4,200.0,Arul Suppiah,0,0,,Josh Cobb,,,Somerset,Somst,95.0,5,86.0
492510,2011,214020,14.0,2.0,0.0,0.0,,Peter Trego,35,25,140.0,Jos Buttler,6,3,200.0,Josh Cobb,PD Trego,PD Trego c sub (MAG Boyce) b Cobb 35 (38m 25b 5x4 0x6) SR: 140.00,Somerset,Somst,95.0,4,85.0
492510,2011,214010,14.0,1.0,1.0,0.0,,Jos Buttler,6,3,200.0,Peter Trego,35,24,145.83,Josh Cobb,,,Somerset,Somst,94.0,4,84.0
492510,2011,213060,13.0,6.0,1.0,0.0,,Jos Buttler,5,2,250.0,Peter Trego,35,24,145.83,Wayne White,,,Somerset,Somst,93.0,4,83.0
492510,2011,213050,13.0,5.0,4.0,0.0,,Jos Buttler,4,1,400.0,Peter Trego,35,24,145.83,Wayne White,,,Somerset,Somst,89.0,4,82.0
492510,2011,213040,13.0,4.0,0.0,0.0,,Kieron Pollard,1,3,33.33,Peter Trego,35,24,145.83,Wayne White,KA Pollard,KA Pollard c &dagger;Nixon b White 1 (4m 3b 0x4 0x6) SR: 33.33,Somerset,Somst,89.0,3,81.0
492510,2011,213030,13.0,3.0,0.0,0.0,,Kieron Pollard,1,2,50.0,Peter Trego,35,24,145.83,Wayne White,,,Somerset,Somst,89.0,3,80.0
492510,2011,213020,13.0,2.0,1.0,0.0,,Peter Trego,35,24,145.83,Kieron Pollard,1,1,100.0,Wayne White,,,Somerset,Somst,88.0,3,79.0
492510,2011,213010,13.0,1.0,2.0,0.0,,Peter Trego,34,23,147.83,Kieron Pollard,1,1,100.0,Wayne White,,,Somerset,Somst,86.0,3,78.0
492510,2011,212060,12.0,6.0,1.0,0.0,,Peter Trego,32,22,145.45,Kieron Pollard,1,1,100.0,Josh Cobb,,,Somerset,Somst,85.0,3,77.0
492510,2011,212050,12.0,5.0,1.0,0.0,,Kieron Pollard,1,1,100.0,Peter Trego,31,21,147.62,Josh Cobb,,,Somerset,Somst,84.0,3,76.0
492510,2011,212040,12.0,4.0,0.0,0.0,,James Hildreth,20,21,95.24,Peter Trego,31,21,147.62,Josh Cobb,JC Hildreth,JC Hildreth c sub (MAG Boyce) b Cobb 20 (20m 21b 1x4 0x6) SR: 95.23,Somerset,Somst,84.0,2,75.0
492509,2011,115050,15.0,5.0,2.0,0.0,,Liam Dawson,4,6,66.67,Sean Ervine,14,13,107.69,Alfonso Thomas,,,Hampshire,Hants,136.0,4,94.0
492509,2011,115040,15.0,4.0,0.0,0.0,,Liam Dawson,2,5,40.0,Sean Ervine,14,13,107.69,Alfonso Thomas,,,Hampshire,Hants,136.0,4,93.0
492509,2011,115030,15.0,3.0,0.0,0.0,,Liam Dawson,2,4,50.0,Sean Ervine,14,13,107.69,Alfonso Thomas,,,Hampshire,Hants,136.0,4,92.0
492509,2011,115020,15.0,2.0,1.0,0.0,,Sean Ervine,14,13,107.69,Liam Dawson,2,3,66.67,Alfonso Thomas,,,Hampshire,Hants,135.0,4,91.0
492509,2011,115010,15.0,1.0,1.0,0.0,,Liam Dawson,2,3,66.67,Sean Ervine,13,12,108.33,Alfonso Thomas,,,Hampshire,Hants,134.0,4,90.0
492509,2011,114060,14.0,6.0,0.0,0.0,,Sean Ervine,13,12,108.33,Liam Dawson,1,2,50.0,Kieron Pollard,,,Hampshire,Hants,134.0,4,89.0
492509,2011,114050,14.0,5.0,2.0,0.0,,Sean Ervine,13,11,118.18,Liam Dawson,1,2,50.0,Kieron Pollard,,,Hampshire,Hants,132.0,4,88.0
492509,2011,114040,14.0,4.0,1.0,0.0,,Liam Dawson,1,2,50.0,Sean Ervine,11,10,110.0,Kieron Pollard,,,Hampshire,Hants,131.0,4,87.0
492509,2011,114030,14.0,3.0,0.0,0.0,,Liam Dawson,0,1,0.0,Sean Ervine,11,10,110.0,Kieron Pollard,,,Hampshire,Hants,131.0,4,86.0
492509,2011,114020,14.0,2.0,1.0,0.0,,Sean Ervine,11,10,110.0,Liam Dawson,0,0,,Kieron Pollard,,,Hampshire,Hants,130.0,4,85.0
492509,2011,114010,14.0,1.0,2.0,0.0,,Sean Ervine,10,9,111.11,Liam Dawson,0,0,,Kieron Pollard,,,Hampshire,Hants,128.0,4,84.0
492509,2011,113060,13.0,6.0,0.0,0.0,,Shahid Afridi,80,42,190.48,Sean Ervine,8,8,100.0,Alfonso Thomas,Shahid Afridi,Shahid Afridi  b Thomas 80 (51m 42b 6x4 5x6) SR: 190.47,Hampshire,Hants,128.0,3,83.0
492509,2011,113050,13.0,5.0,1.0,0.0,,Sean Ervine,8,8,100.0,Shahid Afridi,80,41,195.12,Alfonso Thomas,,,Hampshire,Hants,127.0,3,82.0
492509,2011,113040,13.0,4.0,2.0,0.0,,Sean Ervine,7,7,100.0,Shahid Afridi,80,41,195.12,Alfonso Thomas,,,Hampshire,Hants,125.0,3,81.0
492509,2011,113030,13.0,3.0,1.0,0.0,,Shahid Afridi,80,41,195.12,Sean Ervine,5,6,83.33,Alfonso Thomas,,,Hampshire,Hants,124.0,3,80.0
492509,2011,113020,13.0,2.0,4.0,0.0,,Shahid Afridi,79,40,197.5,Sean Ervine,5,6,83.33,Alfonso Thomas,,,Hampshire,Hants,120.0,3,79.0
492509,2011,113010,13.0,1.0,1.0,0.0,,Sean Ervine,5,6,83.33,Shahid Afridi,75,39,192.31,Alfonso Thomas,,,Hampshire,Hants,119.0,3,78.0
492509,2011,112070,12.0,6.0,6.0,0.0,,Shahid Afridi,75,39,192.31,Sean Ervine,4,5,80.0,Kieron Pollard,,,Hampshire,Hants,113.0,3,77.0
492509,2011,112060,12.0,5.0,0.0,0.0,,Shahid Afridi,69,38,181.58,Sean Ervine,4,5,80.0,Kieron Pollard,,,Hampshire,Hants,113.0,3,76.0
492509,2011,112050,12.0,4.0,0.0,0.0,,Shahid Afridi,69,37,186.49,Sean Ervine,4,5,80.0,Kieron Pollard,,,Hampshire,Hants,113.0,3,75.0
492509,2011,112040,12.0,4.0,0.0,1.0,wd,Shahid Afridi,69,36,191.67,Sean Ervine,4,5,80.0,Kieron Pollard,,,Hampshire,Hants,112.0,3,75.0
492509,2011,112030,12.0,3.0,1.0,0.0,,Sean Ervine,4,5,80.0,Shahid Afridi,69,36,191.67,Kieron Pollard,,,Hampshire,Hants,111.0,3,74.0
492509,2011,112020,12.0,2.0,1.0,0.0,,Shahid Afridi,69,36,191.67,Sean Ervine,3,4,75.0,Kieron Pollard,,,Hampshire,Hants,110.0,3,73.0
492509,2011,14010,4.0,1.0,1.0,0.0,,Shahid Afridi,20,12,166.67,James Vince,1,1,100.0,Alfonso Thomas,,,Hampshire,Hants,30.0,1,24.0
492509,2011,13060,3.0,6.0,1.0,0.0,,Shahid Afridi,19,11,172.73,James Vince,1,1,100.0,Kieron Pollard,,,Hampshire,Hants,29.0,1,23.0
492509,2011,13050,3.0,5.0,0.0,0.0,,Shahid Afridi,18,10,180.0,James Vince,1,1,100.0,Kieron Pollard,,,Hampshire,Hants,29.0,1,22.0
492509,2011,13040,3.0,4.0,1.0,0.0,,James Vince,1,1,100.0,Shahid Afridi,18,9,200.0,Kieron Pollard,,,Hampshire,Hants,28.0,1,21.0
492509,2011,13030,3.0,3.0,1.0,0.0,,Shahid Afridi,18,9,200.0,James Vince,0,0,,Kieron Pollard,,,Hampshire,Hants,27.0,1,20.0
492509,2011,13020,3.0,2.0,4.0,0.0,,Shahid Afridi,17,8,212.5,James Vince,0,0,,Kieron Pollard,,,Hampshire,Hants,23.0,1,19.0
492509,2011,13010,3.0,1.0,4.0,0.0,,Shahid Afridi,13,7,185.71,James Vince,0,0,,Kieron Pollard,,,Hampshire,Hants,19.0,1,18.0
492509,2011,12060,2.0,6.0,1.0,0.0,,Shahid Afridi,9,6,150.0,James Vince,0,0,,George Dockrell,,,Hampshire,Hants,18.0,1,17.0
492509,2011,12050,2.0,5.0,0.0,0.0,,Jimmy Adams,10,12,83.33,Shahid Afridi,8,5,160.0,George Dockrell,JHK Adams,JHK Adams c Buttler b Dockrell 10 (8m 12b 1x4 0x6) SR: 83.33,Hampshire,Hants,18.0,0,16.0
492509,2011,12040,2.0,4.0,1.0,0.0,,Shahid Afridi,8,5,160.0,Jimmy Adams,10,11,90.91,George Dockrell,,,Hampshire,Hants,17.0,0,15.0
492509,2011,12030,2.0,3.0,2.0,0.0,,Shahid Afridi,7,4,175.0,Jimmy Adams,10,11,90.91,George Dockrell,,,Hampshire,Hants,15.0,0,14.0
492509,2011,12020,2.0,2.0,4.0,0.0,,Shahid Afridi,5,3,166.67,Jimmy Adams,10,11,90.91,George Dockrell,,,Hampshire,Hants,11.0,0,13.0
492509,2011,12010,2.0,1.0,1.0,0.0,,Jimmy Adams,10,11,90.91,Shahid Afridi,1,2,50.0,George Dockrell,,,Hampshire,Hants,10.0,0,12.0
492509,2011,11060,1.0,6.0,0.0,0.0,,Shahid Afridi,1,2,50.0,Jimmy Adams,9,10,90.0,Alfonso Thomas,,,Hampshire,Hants,10.0,0,11.0
492509,2011,11050,1.0,5.0,1.0,0.0,,Jimmy Adams,9,10,90.0,Shahid Afridi,1,1,100.0,Alfonso Thomas,,,Hampshire,Hants,9.0,0,10.0
492509,2011,11040,1.0,4.0,0.0,0.0,,Jimmy Adams,8,9,88.89,Shahid Afridi,1,1,100.0,Alfonso Thomas,,,Hampshire,Hants,9.0,0,9.0
492509,2011,11030,1.0,3.0,0.0,0.0,,Jimmy Adams,8,8,100.0,Shahid Afridi,1,1,100.0,Alfonso Thomas,,,Hampshire,Hants,9.0,0,8.0
492509,2011,11020,1.0,2.0,0.0,0.0,,Jimmy Adams,8,7,114.29,Shahid Afridi,1,1,100.0,Alfonso Thomas,,,Hampshire,Hants,9.0,0,7.0
492509,2011,11010,1.0,1.0,0.0,0.0,,Jimmy Adams,8,6,133.33,Shahid Afridi,1,1,100.0,Alfonso Thomas,,,Hampshire,Hants,9.0,0,6.0
492509,2011,160,0.0,6.0,1.0,0.0,,Jimmy Adams,8,5,160.0,Shahid Afridi,1,1,100.0,Murali Kartik,,,Hampshire,Hants,8.0,0,5.0
492509,2011,150,0.0,5.0,4.0,0.0,,Jimmy Adams,7,4,175.0,Shahid Afridi,1,1,100.0,Murali Kartik,,,Hampshire,Hants,4.0,0,4.0
492509,2011,140,0.0,4.0,2.0,0.0,,Jimmy Adams,3,3,100.0,Shahid Afridi,1,1,100.0,Murali Kartik,,,Hampshire,Hants,2.0,0,3.0
492509,2011,130,0.0,3.0,0.0,0.0,,Jimmy Adams,1,2,50.0,Shahid Afridi,1,1,100.0,Murali Kartik,,,Hampshire,Hants,2.0,0,2.0
492509,2011,120,0.0,2.0,1.0,0.0,,Shahid Afridi,1,1,100.0,Jimmy Adams,1,1,100.0,Murali Kartik,,,Hampshire,Hants,1.0,0,1.0
492509,2011,110,0.0,1.0,1.0,0.0,,Jimmy Adams,1,1,100.0,Shahid Afridi,0,0,,Murali Kartik,,,Hampshire,Hants,0.0,0,0.0
492509,2011,18010,8.0,1.0,2.0,0.0,,James Vince,21,16,131.25,Shahid Afridi,44,22,200.0,Murali Kartik,,,Hampshire,Hants,75.0,1,48.0
492509,2011,17060,7.0,6.0,1.0,0.0,,James Vince,19,15,126.67,Shahid Afridi,44,22,200.0,Arul Suppiah,,,Hampshire,Hants,74.0,1,47.0
492509,2011,17050,7.0,5.0,4.0,0.0,,James Vince,18,14,128.57,Shahid Afridi,44,22,200.0,Arul Suppiah,,,Hampshire,Hants,70.0,1,46.0
492509,2011,17040,7.0,4.0,1.0,0.0,,Shahid Afridi,44,22,200.0,James Vince,14,13,107.69,Arul Suppiah,,,Hampshire,Hants,69.0,1,45.0
492509,2011,17030,7.0,3.0,1.0,0.0,,James Vince,14,13,107.69,Shahid Afridi,43,21,204.76,Arul Suppiah,,,Hampshire,Hants,68.0,1,44.0
492509,2011,17020,7.0,2.0,1.0,0.0,,Shahid Afridi,43,21,204.76,James Vince,13,12,108.33,Arul Suppiah,,,Hampshire,Hants,67.0,1,43.0
492509,2011,17010,7.0,1.0,6.0,0.0,,Shahid Afridi,42,20,210.0,James Vince,13,12,108.33,Arul Suppiah,,,Hampshire,Hants,61.0,1,42.0
492509,2011,16070,6.0,6.0,4.0,0.0,,James Vince,13,12,108.33,Shahid Afridi,36,19,189.47,Murali Kartik,,,Hampshire,Hants,57.0,1,41.0
492509,2011,16060,6.0,6.0,2.0,1.0,nb,Shahid Afridi,36,19,189.47,James Vince,9,11,81.82,Murali Kartik,,,Hampshire,Hants,54.0,1,41.0
492509,2011,16050,6.0,5.0,1.0,0.0,,James Vince,9,11,81.82,Shahid Afridi,35,18,194.44,Murali Kartik,,,Hampshire,Hants,53.0,1,40.0
492509,2011,16040,6.0,4.0,1.0,0.0,,Shahid Afridi,35,18,194.44,James Vince,8,10,80.0,Murali Kartik,,,Hampshire,Hants,52.0,1,39.0
492509,2011,16030,6.0,3.0,6.0,0.0,,Shahid Afridi,34,17,200.0,James Vince,8,10,80.0,Murali Kartik,,,Hampshire,Hants,46.0,1,38.0
492509,2011,16020,6.0,2.0,1.0,0.0,,James Vince,8,10,80.0,Shahid Afridi,28,16,175.0,Murali Kartik,,,Hampshire,Hants,45.0,1,37.0
492509,2011,16010,6.0,1.0,0.0,0.0,,James Vince,7,9,77.78,Shahid Afridi,28,16,175.0,Murali Kartik,,,Hampshire,Hants,45.0,1,36.0
492509,2011,15060,5.0,6.0,1.0,0.0,,James Vince,7,8,87.5,Shahid Afridi,28,16,175.0,Craig Meschede,,,Hampshire,Hants,44.0,1,35.0
492509,2011,15050,5.0,5.0,1.0,0.0,,Shahid Afridi,28,16,175.0,James Vince,6,7,85.71,Craig Meschede,,,Hampshire,Hants,43.0,1,34.0
492509,2011,15040,5.0,4.0,6.0,0.0,,Shahid Afridi,27,15,180.0,James Vince,6,7,85.71,Craig Meschede,,,Hampshire,Hants,37.0,1,33.0
492509,2011,15030,5.0,3.0,1.0,0.0,,James Vince,6,7,85.71,Shahid Afridi,21,14,150.0,Craig Meschede,,,Hampshire,Hants,36.0,1,32.0
492509,2011,15020,5.0,2.0,1.0,0.0,,Shahid Afridi,21,14,150.0,James Vince,5,6,83.33,Craig Meschede,,,Hampshire,Hants,35.0,1,31.0
492509,2011,15010,5.0,1.0,0.0,0.0,,Shahid Afridi,20,13,153.85,James Vince,5,6,83.33,Craig Meschede,,,Hampshire,Hants,35.0,1,30.0
492509,2011,14060,4.0,6.0,0.0,0.0,,James Vince,5,6,83.33,Shahid Afridi,20,12,166.67,Alfonso Thomas,,,Hampshire,Hants,35.0,1,29.0
492509,2011,14050,4.0,5.0,0.0,0.0,,James Vince,5,5,100.0,Shahid Afridi,20,12,166.67,Alfonso Thomas,,,Hampshire,Hants,35.0,1,28.0
492509,2011,14040,4.0,4.0,4.0,0.0,,James Vince,5,4,125.0,Shahid Afridi,20,12,166.67,Alfonso Thomas,,,Hampshire,Hants,31.0,1,27.0
492509,2011,14030,4.0,3.0,0.0,0.0,,James Vince,1,3,33.33,Shahid Afridi,20,12,166.67,Alfonso Thomas,,,Hampshire,Hants,31.0,1,26.0
492509,2011,14020,4.0,2.0,0.0,0.0,,James Vince,1,2,50.0,Shahid Afridi,20,12,166.67,Alfonso Thomas,,,Hampshire,Hants,31.0,1,25.0
492509,2011,112010,12.0,1.0,6.0,0.0,,Shahid Afridi,68,35,194.29,Sean Ervine,3,4,75.0,Kieron Pollard,,,Hampshire,Hants,104.0,3,72.0
492509,2011,111060,11.0,6.0,0.0,0.0,,Sean Ervine,3,4,75.0,Shahid Afridi,62,34,182.35,Craig Meschede,,,Hampshire,Hants,104.0,3,71.0
492509,2011,111050,11.0,5.0,1.0,0.0,,Shahid Afridi,62,34,182.35,Sean Ervine,3,3,100.0,Craig Meschede,,,Hampshire,Hants,103.0,3,70.0
492509,2011,111040,11.0,4.0,1.0,0.0,,Sean Ervine,3,3,100.0,Shahid Afridi,61,33,184.85,Craig Meschede,,,Hampshire,Hants,102.0,3,69.0
492509,2011,111030,11.0,3.0,2.0,0.0,,Sean Ervine,2,2,100.0,Shahid Afridi,61,33,184.85,Craig Meschede,,,Hampshire,Hants,100.0,3,68.0
492509,2011,111020,11.0,2.0,0.0,0.0,,Sean Ervine,0,1,0.0,Shahid Afridi,61,33,184.85,Craig Meschede,,,Hampshire,Hants,100.0,3,67.0
492509,2011,111010,11.0,1.0,0.0,0.0,,Neil McKenzie,4,5,80.0,Shahid Afridi,61,33,184.85,Craig Meschede,ND McKenzie,ND McKenzie lbw b Meschede 4 (7m 5b 0x4 0x6) SR: 80.00,Hampshire,Hants,100.0,2,66.0
492509,2011,110060,10.0,6.0,4.0,0.0,,Shahid Afridi,61,33,184.85,Neil McKenzie,4,4,100.0,George Dockrell,,,Hampshire,Hants,96.0,2,65.0
492509,2011,110050,10.0,5.0,2.0,0.0,,Shahid Afridi,57,32,178.12,Neil McKenzie,4,4,100.0,George Dockrell,,,Hampshire,Hants,94.0,2,64.0
492509,2011,110040,10.0,4.0,1.0,0.0,,Neil McKenzie,4,4,100.0,Shahid Afridi,55,31,177.42,George Dockrell,,,Hampshire,Hants,93.0,2,63.0
492509,2011,110030,10.0,3.0,1.0,0.0,,Shahid Afridi,55,31,177.42,Neil McKenzie,3,3,100.0,George Dockrell,,,Hampshire,Hants,92.0,2,62.0
492509,2011,110020,10.0,2.0,1.0,0.0,,Neil McKenzie,3,3,100.0,Shahid Afridi,54,30,180.0,George Dockrell,,,Hampshire,Hants,91.0,2,61.0
492509,2011,110010,10.0,1.0,1.0,0.0,,Shahid Afridi,54,30,180.0,Neil McKenzie,2,2,100.0,George Dockrell,,,Hampshire,Hants,90.0,2,60.0
492509,2011,19060,9.0,6.0,1.0,0.0,,Shahid Afridi,53,29,182.76,Neil McKenzie,2,2,100.0,Arul Suppiah,,,Hampshire,Hants,89.0,2,59.0
492509,2011,19050,9.0,5.0,4.0,0.0,,Shahid Afridi,52,28,185.71,Neil McKenzie,2,2,100.0,Arul Suppiah,,,Hampshire,Hants,85.0,2,58.0
492509,2011,19040,9.0,4.0,1.0,0.0,,Neil McKenzie,2,2,100.0,Shahid Afridi,48,27,177.78,Arul Suppiah,,,Hampshire,Hants,84.0,2,57.0
492509,2011,19030,9.0,3.0,1.0,0.0,,Shahid Afridi,48,27,177.78,Neil McKenzie,1,1,100.0,Arul Suppiah,,,Hampshire,Hants,83.0,2,56.0
492509,2011,19020,9.0,2.0,0.0,0.0,,Shahid Afridi,47,26,180.77,Neil McKenzie,1,1,100.0,Arul Suppiah,,,Hampshire,Hants,83.0,2,55.0
492509,2011,19010,9.0,1.0,1.0,0.0,,Neil McKenzie,1,1,100.0,Shahid Afridi,47,25,188.0,Arul Suppiah,,,Hampshire,Hants,82.0,2,54.0
492509,2011,18070,8.0,6.0,0.0,0.0,,Shahid Afridi,47,25,188.0,Neil McKenzie,0,0,,Murali Kartik,,,Hampshire,Hants,82.0,2,53.0
492509,2011,18060,8.0,5.0,0.0,0.0,,James Vince,22,18,122.22,Shahid Afridi,47,24,195.83,Murali Kartik,JM Vince,JM Vince c Pollard b Kartik 22 (21m 18b 3x4 0x6) SR: 122.22,Hampshire,Hants,82.0,1,52.0
492509,2011,18050,8.0,4.0,1.0,0.0,,Shahid Afridi,47,24,195.83,James Vince,22,17,129.41,Murali Kartik,,,Hampshire,Hants,81.0,1,51.0
492509,2011,18040,8.0,3.0,2.0,0.0,,Shahid Afridi,46,23,200.0,James Vince,22,17,129.41,Murali Kartik,,,Hampshire,Hants,79.0,1,50.0
492509,2011,18030,8.0,2.0,1.0,0.0,,James Vince,22,17,129.41,Shahid Afridi,44,22,200.0,Murali Kartik,,,Hampshire,Hants,78.0,1,49.0
492509,2011,18020,8.0,2.0,0.0,1.0,wd,James Vince,21,16,131.25,Shahid Afridi,44,22,200.0,Murali Kartik,,,Hampshire,Hants,77.0,1,49.0
492509,2011,29060,9.0,6.0,0.0,0.0,,Arul Suppiah,0,1,0.0,Peter Trego,2,3,66.67,Dominic Cork,AV Suppiah,AV Suppiah run out (Vince) 0 (4m 1b 0x4 0x6) SR: 0.00,Somerset,Somst,94.0,5,59.0
492509,2011,29050,9.0,5.0,1.0,0.0,,Peter Trego,2,3,66.67,Arul Suppiah,0,0,,Dominic Cork,,,Somerset,Somst,93.0,5,58.0
492509,2011,29040,9.0,4.0,0.0,0.0,,Peter Trego,1,2,50.0,Arul Suppiah,0,0,,Dominic Cork,,,Somerset,Somst,93.0,5,57.0
492509,2011,29030,9.0,3.0,0.0,0.0,,Jos Buttler,32,16,200.0,Peter Trego,1,1,100.0,Dominic Cork,JC Buttler,JC Buttler c Vince b Cork 32 (14m 16b 1x4 3x6) SR: 200.00,Somerset,Somst,93.0,4,56.0
492509,2011,29020,9.0,2.0,2.0,0.0,,Jos Buttler,32,15,213.33,Peter Trego,1,1,100.0,Dominic Cork,,,Somerset,Somst,91.0,4,55.0
492509,2011,29010,9.0,1.0,1.0,0.0,,Peter Trego,1,1,100.0,Jos Buttler,30,14,214.29,Dominic Cork,,,Somerset,Somst,90.0,4,54.0
492509,2011,28060,8.0,6.0,0.0,0.0,,Jos Buttler,30,14,214.29,Peter Trego,0,0,,Shahid Afridi,,,Somerset,Somst,90.0,4,53.0
492509,2011,28050,8.0,5.0,0.0,0.0,,James Hildreth,9,8,112.5,Jos Buttler,30,13,230.77,Shahid Afridi,JC Hildreth,JC Hildreth c Adams b Shahid Afridi 9 (10m 8b 0x4 0x6) SR: 112.50,Somerset,Somst,90.0,3,52.0
492509,2011,28040,8.0,4.0,1.0,0.0,,Jos Buttler,30,13,230.77,James Hildreth,9,7,128.57,Shahid Afridi,,,Somerset,Somst,89.0,3,51.0
492509,2011,28030,8.0,3.0,4.0,0.0,,Jos Buttler,29,12,241.67,James Hildreth,9,7,128.57,Shahid Afridi,,,Somerset,Somst,85.0,3,50.0
492509,2011,28020,8.0,2.0,1.0,0.0,,James Hildreth,9,7,128.57,Jos Buttler,25,11,227.27,Shahid Afridi,,,Somerset,Somst,84.0,3,49.0
492509,2011,24010,4.0,1.0,0.0,0.0,,Marcus Trescothick,27,14,192.86,Kieron Pollard,1,4,25.0,Shahid Afridi,,,Somerset,Somst,42.0,1,24.0
492509,2011,23060,3.0,6.0,0.0,0.0,,Kieron Pollard,1,4,25.0,Marcus Trescothick,27,13,207.69,Danny Briggs,,,Somerset,Somst,42.0,1,23.0
492509,2011,23050,3.0,5.0,1.0,0.0,,Marcus Trescothick,27,13,207.69,Kieron Pollard,1,3,33.33,Danny Briggs,,,Somerset,Somst,41.0,1,22.0
492509,2011,23040,3.0,4.0,1.0,0.0,,Kieron Pollard,1,3,33.33,Marcus Trescothick,26,12,216.67,Danny Briggs,,,Somerset,Somst,40.0,1,21.0
492509,2011,23030,3.0,3.0,0.0,0.0,,Kieron Pollard,0,2,0.0,Marcus Trescothick,26,12,216.67,Danny Briggs,,,Somerset,Somst,40.0,1,20.0
492509,2011,23020,3.0,2.0,0.0,0.0,,Kieron Pollard,0,1,0.0,Marcus Trescothick,26,12,216.67,Danny Briggs,,,Somerset,Somst,40.0,1,19.0
492509,2011,23010,3.0,1.0,0.0,0.0,,Craig Kieswetter,14,7,200.0,Marcus Trescothick,26,12,216.67,Danny Briggs,C Kieswetter,C Kieswetter c Vince b Briggs 14 (13m 7b 1x4 1x6) SR: 200.00,Somerset,Somst,40.0,0,18.0
492509,2011,22060,2.0,6.0,2.0,0.0,,Marcus Trescothick,26,12,216.67,Craig Kieswetter,14,6,233.33,Dimitri Mascarenhas,,,Somerset,Somst,38.0,0,17.0
492509,2011,22050,2.0,5.0,4.0,0.0,,Marcus Trescothick,24,11,218.18,Craig Kieswetter,14,6,233.33,Dimitri Mascarenhas,,,Somerset,Somst,34.0,0,16.0
492509,2011,22040,2.0,4.0,2.0,0.0,,Marcus Trescothick,20,10,200.0,Craig Kieswetter,14,6,233.33,Dimitri Mascarenhas,,,Somerset,Somst,32.0,0,15.0
492509,2011,22030,2.0,3.0,4.0,0.0,,Marcus Trescothick,18,9,200.0,Craig Kieswetter,14,6,233.33,Dimitri Mascarenhas,,,Somerset,Somst,28.0,0,14.0
492509,2011,22020,2.0,2.0,0.0,0.0,,Marcus Trescothick,14,8,175.0,Craig Kieswetter,14,6,233.33,Dimitri Mascarenhas,,,Somerset,Somst,28.0,0,13.0
492509,2011,22010,2.0,1.0,1.0,0.0,,Craig Kieswetter,14,6,233.33,Marcus Trescothick,14,7,200.0,Dimitri Mascarenhas,,,Somerset,Somst,27.0,0,12.0
492509,2011,21060,1.0,6.0,4.0,0.0,,Marcus Trescothick,14,7,200.0,Craig Kieswetter,13,5,260.0,Dominic Cork,,,Somerset,Somst,23.0,0,11.0
492509,2011,21050,1.0,5.0,3.0,0.0,,Craig Kieswetter,13,5,260.0,Marcus Trescothick,10,6,166.67,Dominic Cork,,,Somerset,Somst,20.0,0,10.0
492509,2011,21040,1.0,4.0,6.0,0.0,,Craig Kieswetter,10,4,250.0,Marcus Trescothick,10,6,166.67,Dominic Cork,,,Somerset,Somst,14.0,0,9.0
492509,2011,21030,1.0,3.0,4.0,0.0,,Craig Kieswetter,4,3,133.33,Marcus Trescothick,10,6,166.67,Dominic Cork,,,Somerset,Somst,10.0,0,8.0
492509,2011,21020,1.0,2.0,0.0,0.0,,Craig Kieswetter,0,2,0.0,Marcus Trescothick,10,6,166.67,Dominic Cork,,,Somerset,Somst,10.0,0,7.0
492509,2011,21010,1.0,1.0,1.0,0.0,,Marcus Trescothick,10,6,166.67,Craig Kieswetter,0,1,0.0,Dominic Cork,,,Somerset,Somst,9.0,0,6.0
492509,2011,260,0.0,6.0,0.0,0.0,,Craig Kieswetter,0,1,0.0,Marcus Trescothick,9,5,180.0,Dimitri Mascarenhas,,,Somerset,Somst,9.0,0,5.0
492509,2011,250,0.0,5.0,1.0,0.0,,Marcus Trescothick,9,5,180.0,Craig Kieswetter,0,0,,Dimitri Mascarenhas,,,Somerset,Somst,8.0,0,4.0
492509,2011,240,0.0,4.0,0.0,0.0,,Marcus Trescothick,8,4,200.0,Craig Kieswetter,0,0,,Dimitri Mascarenhas,,,Somerset,Somst,8.0,0,3.0
492509,2011,230,0.0,3.0,4.0,0.0,,Marcus Trescothick,8,3,266.67,Craig Kieswetter,0,0,,Dimitri Mascarenhas,,,Somerset,Somst,4.0,0,2.0
492509,2011,220,0.0,2.0,0.0,0.0,,Marcus Trescothick,4,2,200.0,Craig Kieswetter,0,0,,Dimitri Mascarenhas,,,Somerset,Somst,4.0,0,1.0
492509,2011,210,0.0,1.0,4.0,0.0,,Marcus Trescothick,4,1,400.0,Craig Kieswetter,0,0,,Dimitri Mascarenhas,,,Somerset,Somst,0.0,0,0.0
492509,2011,28010,8.0,1.0,2.0,0.0,,James Hildreth,8,6,133.33,Jos Buttler,25,11,227.27,Shahid Afridi,,,Somerset,Somst,82.0,3,48.0
492509,2011,27060,7.0,6.0,6.0,0.0,,Jos Buttler,25,11,227.27,James Hildreth,6,5,120.0,Imran Tahir,,,Somerset,Somst,76.0,3,47.0
492509,2011,27050,7.0,5.0,0.0,0.0,,Jos Buttler,19,10,190.0,James Hildreth,6,5,120.0,Imran Tahir,,,Somerset,Somst,76.0,3,46.0
492509,2011,27040,7.0,4.0,0.0,0.0,,Jos Buttler,19,9,211.11,James Hildreth,6,5,120.0,Imran Tahir,,,Somerset,Somst,76.0,3,45.0
492509,2011,27030,7.0,3.0,2.0,0.0,,Jos Buttler,19,8,237.5,James Hildreth,6,5,120.0,Imran Tahir,,,Somerset,Somst,74.0,3,44.0
492509,2011,27020,7.0,2.0,6.0,0.0,,Jos Buttler,17,7,242.86,James Hildreth,6,5,120.0,Imran Tahir,,,Somerset,Somst,68.0,3,43.0
492509,2011,27010,7.0,1.0,2.0,0.0,,Jos Buttler,11,6,183.33,James Hildreth,6,5,120.0,Imran Tahir,,,Somerset,Somst,66.0,3,42.0
492509,2011,26060,6.0,6.0,1.0,0.0,,Jos Buttler,9,5,180.0,James Hildreth,6,5,120.0,Danny Briggs,,,Somerset,Somst,65.0,3,41.0
492509,2011,26050,6.0,5.0,6.0,0.0,,Jos Buttler,8,4,200.0,James Hildreth,6,5,120.0,Danny Briggs,,,Somerset,Somst,59.0,3,40.0
492509,2011,26040,6.0,4.0,1.0,0.0,,James Hildreth,6,5,120.0,Jos Buttler,2,3,66.67,Danny Briggs,,,Somerset,Somst,58.0,3,39.0
492509,2011,26030,6.0,3.0,2.0,0.0,,James Hildreth,5,4,125.0,Jos Buttler,2,3,66.67,Danny Briggs,,,Somerset,Somst,56.0,3,38.0
492509,2011,26020,6.0,2.0,1.0,0.0,,Jos Buttler,2,3,66.67,James Hildreth,3,3,100.0,Danny Briggs,,,Somerset,Somst,55.0,3,37.0
492509,2011,26010,6.0,1.0,1.0,0.0,,James Hildreth,3,3,100.0,Jos Buttler,1,2,50.0,Danny Briggs,,,Somerset,Somst,54.0,3,36.0
492509,2011,25070,5.0,6.0,1.0,0.0,,James Hildreth,2,2,100.0,Jos Buttler,1,2,50.0,Imran Tahir,,,Somerset,Somst,53.0,3,35.0
492509,2011,25060,5.0,5.0,1.0,0.0,,Jos Buttler,1,2,50.0,James Hildreth,1,1,100.0,Imran Tahir,,,Somerset,Somst,52.0,3,34.0
492509,2011,25050,5.0,4.0,0.0,0.0,,Jos Buttler,0,1,0.0,James Hildreth,1,1,100.0,Imran Tahir,,,Somerset,Somst,52.0,3,33.0
492509,2011,25040,5.0,3.0,1.0,0.0,,James Hildreth,1,1,100.0,Jos Buttler,0,0,,Imran Tahir,,,Somerset,Somst,51.0,3,32.0
492509,2011,25030,5.0,3.0,0.0,1.0,wd,James Hildreth,0,0,,Jos Buttler,0,0,,Imran Tahir,,,Somerset,Somst,50.0,3,32.0
492509,2011,25020,5.0,2.0,0.0,0.0,,Marcus Trescothick,28,17,164.71,Jos Buttler,0,0,,Imran Tahir,ME Trescothick,ME Trescothick c McKenzie b Imran Tahir 28 (22m 17b 5x4 0x6) SR: 164.70,Somerset,Somst,50.0,2,31.0
492509,2011,25010,5.0,1.0,0.0,0.0,,Kieron Pollard,8,8,100.0,Marcus Trescothick,28,16,175.0,Imran Tahir,KA Pollard,KA Pollard c Vince b Imran Tahir 8 (6m 8b 1x4 0x6) SR: 100.00,Somerset,Somst,50.0,1,30.0
492509,2011,24060,4.0,6.0,0.0,0.0,,Marcus Trescothick,28,16,175.0,Kieron Pollard,8,7,114.29,Shahid Afridi,,,Somerset,Somst,50.0,1,29.0
492509,2011,24050,4.0,5.0,1.0,0.0,,Kieron Pollard,8,7,114.29,Marcus Trescothick,28,15,186.67,Shahid Afridi,,,Somerset,Somst,49.0,1,28.0
492509,2011,24040,4.0,4.0,4.0,0.0,,Kieron Pollard,7,6,116.67,Marcus Trescothick,28,15,186.67,Shahid Afridi,,,Somerset,Somst,45.0,1,27.0
492509,2011,24030,4.0,3.0,2.0,0.0,,Kieron Pollard,3,5,60.0,Marcus Trescothick,28,15,186.67,Shahid Afridi,,,Somerset,Somst,43.0,1,26.0
492509,2011,24020,4.0,2.0,1.0,0.0,,Marcus Trescothick,28,15,186.67,Kieron Pollard,1,4,25.0,Shahid Afridi,,,Somerset,Somst,42.0,1,25.0
492508,2011,117060,17.0,6.0,2.0,0.0,,Wayne White,3,2,150.0,Abdul Razzaq,36,28,128.57,Farveez Maharoof,,,Leicestershire,Leics,130.0,6,107.0
492508,2011,117050,17.0,5.0,1.0,0.0,,Abdul Razzaq,36,28,128.57,Wayne White,1,1,100.0,Farveez Maharoof,,,Leicestershire,Leics,129.0,6,106.0
492508,2011,117040,17.0,4.0,0.0,0.0,,Abdul Razzaq,35,27,129.63,Wayne White,1,1,100.0,Farveez Maharoof,,,Leicestershire,Leics,129.0,6,105.0
492508,2011,117030,17.0,3.0,0.0,0.0,,Abdul Razzaq,35,26,134.62,Wayne White,1,1,100.0,Farveez Maharoof,,,Leicestershire,Leics,129.0,6,104.0
492508,2011,117020,17.0,2.0,2.0,0.0,,Abdul Razzaq,35,25,140.0,Wayne White,1,1,100.0,Farveez Maharoof,,,Leicestershire,Leics,127.0,6,103.0
492508,2011,117010,17.0,1.0,1.0,0.0,,Wayne White,1,1,100.0,Abdul Razzaq,33,24,137.5,Farveez Maharoof,,,Leicestershire,Leics,126.0,6,102.0
492508,2011,116070,16.0,6.0,4.0,0.0,,Abdul Razzaq,33,24,137.5,Wayne White,0,0,,Sajid Mahmood,,,Leicestershire,Leics,122.0,6,101.0
492508,2011,116060,16.0,5.0,0.0,0.0,,Abdul Razzaq,29,23,126.09,Paul Nixon,19,18,105.56,Sajid Mahmood,PA Nixon,PA Nixon run out (&dagger;Cross/Mahmood) 19 (30m 18b 1x4 0x6) SR: 105.55,Leicestershire,Leics,122.0,5,100.0
492508,2011,116050,16.0,4.0,6.0,0.0,,Abdul Razzaq,29,22,131.82,Paul Nixon,19,18,105.56,Sajid Mahmood,,,Leicestershire,Leics,116.0,5,99.0
492508,2011,116040,16.0,4.0,0.0,1.0,wd,Abdul Razzaq,23,21,109.52,Paul Nixon,19,18,105.56,Sajid Mahmood,,,Leicestershire,Leics,115.0,5,99.0
492508,2011,116030,16.0,3.0,0.0,0.0,,Abdul Razzaq,23,21,109.52,Paul Nixon,19,18,105.56,Sajid Mahmood,,,Leicestershire,Leics,115.0,5,98.0
492508,2011,116020,16.0,2.0,1.0,0.0,,Paul Nixon,19,18,105.56,Abdul Razzaq,23,20,115.0,Sajid Mahmood,,,Leicestershire,Leics,114.0,5,97.0
492508,2011,116010,16.0,1.0,2.0,0.0,,Paul Nixon,18,17,105.88,Abdul Razzaq,23,20,115.0,Sajid Mahmood,,,Leicestershire,Leics,112.0,5,96.0
492508,2011,115060,15.0,6.0,4.0,0.0,,Abdul Razzaq,23,20,115.0,Paul Nixon,16,16,100.0,Farveez Maharoof,,,Leicestershire,Leics,108.0,5,95.0
492508,2011,13050,3.0,5.0,1.0,0.0,,Will Jefferson,23,14,164.29,Andrew McDonald,7,8,87.5,Farveez Maharoof,,,Leicestershire,Leics,33.0,1,22.0
492508,2011,13040,3.0,4.0,1.0,0.0,,Andrew McDonald,7,8,87.5,Will Jefferson,22,13,169.23,Farveez Maharoof,,,Leicestershire,Leics,32.0,1,21.0
492508,2011,13030,3.0,3.0,0.0,0.0,,Andrew McDonald,6,7,85.71,Will Jefferson,22,13,169.23,Farveez Maharoof,,,Leicestershire,Leics,32.0,1,20.0
492508,2011,13020,3.0,2.0,0.0,0.0,,Andrew McDonald,6,6,100.0,Will Jefferson,22,13,169.23,Farveez Maharoof,,,Leicestershire,Leics,32.0,1,19.0
492508,2011,13010,3.0,1.0,2.0,0.0,,Andrew McDonald,6,5,120.0,Will Jefferson,22,13,169.23,Farveez Maharoof,,,Leicestershire,Leics,30.0,1,18.0
492508,2011,12060,2.0,6.0,4.0,0.0,,Will Jefferson,22,13,169.23,Andrew McDonald,4,4,100.0,Glen Chapple,,,Leicestershire,Leics,26.0,1,17.0
492508,2011,12050,2.0,5.0,4.0,0.0,,Will Jefferson,18,12,150.0,Andrew McDonald,4,4,100.0,Glen Chapple,,,Leicestershire,Leics,22.0,1,16.0
492508,2011,12040,2.0,4.0,0.0,1.0,lb,Andrew McDonald,4,4,100.0,Will Jefferson,14,11,127.27,Glen Chapple,,,Leicestershire,Leics,21.0,1,15.0
492508,2011,12030,2.0,3.0,4.0,0.0,,Andrew McDonald,4,3,133.33,Will Jefferson,14,11,127.27,Glen Chapple,,,Leicestershire,Leics,17.0,1,14.0
492508,2011,12020,2.0,2.0,1.0,0.0,,Will Jefferson,14,11,127.27,Andrew McDonald,0,2,0.0,Glen Chapple,,,Leicestershire,Leics,16.0,1,13.0
492508,2011,12010,2.0,1.0,4.0,0.0,,Will Jefferson,13,10,130.0,Andrew McDonald,0,2,0.0,Glen Chapple,,,Leicestershire,Leics,12.0,1,12.0
492508,2011,11070,1.0,6.0,0.0,0.0,,Andrew McDonald,0,2,0.0,Will Jefferson,9,9,100.0,Farveez Maharoof,,,Leicestershire,Leics,12.0,1,11.0
492508,2011,11060,1.0,5.0,1.0,0.0,,Will Jefferson,9,9,100.0,Andrew McDonald,0,1,0.0,Farveez Maharoof,,,Leicestershire,Leics,11.0,1,10.0
492508,2011,11050,1.0,5.0,0.0,1.0,wd,Will Jefferson,8,8,100.0,Andrew McDonald,0,1,0.0,Farveez Maharoof,,,Leicestershire,Leics,10.0,1,10.0
492508,2011,11040,1.0,4.0,0.0,0.0,,Will Jefferson,8,8,100.0,Andrew McDonald,0,1,0.0,Farveez Maharoof,,,Leicestershire,Leics,10.0,1,9.0
492508,2011,11030,1.0,3.0,4.0,0.0,,Will Jefferson,8,7,114.29,Andrew McDonald,0,1,0.0,Farveez Maharoof,,,Leicestershire,Leics,6.0,1,8.0
492508,2011,11020,1.0,2.0,0.0,0.0,,Will Jefferson,4,6,66.67,Andrew McDonald,0,1,0.0,Farveez Maharoof,,,Leicestershire,Leics,6.0,1,7.0
492508,2011,11010,1.0,1.0,0.0,1.0,lb,Andrew McDonald,0,1,0.0,Will Jefferson,4,5,80.0,Farveez Maharoof,,,Leicestershire,Leics,5.0,1,6.0
492508,2011,170,0.0,6.0,0.0,0.0,,Will Jefferson,4,5,80.0,Andrew McDonald,0,0,,Glen Chapple,,,Leicestershire,Leics,5.0,1,5.0
492508,2011,160,0.0,5.0,0.0,0.0,,Will Jefferson,4,4,100.0,Andrew McDonald,0,0,,Glen Chapple,,,Leicestershire,Leics,5.0,1,4.0
492508,2011,150,0.0,4.0,4.0,0.0,,Will Jefferson,4,3,133.33,Andrew McDonald,0,0,,Glen Chapple,,,Leicestershire,Leics,1.0,1,3.0
492508,2011,140,0.0,3.0,0.0,0.0,,Will Jefferson,0,2,0.0,Andrew McDonald,0,0,,Glen Chapple,,,Leicestershire,Leics,1.0,1,2.0
492508,2011,130,0.0,3.0,0.0,1.0,wd,Will Jefferson,0,1,0.0,Andrew McDonald,0,0,,Glen Chapple,,,Leicestershire,Leics,0.0,1,2.0
492508,2011,120,0.0,2.0,0.0,0.0,,Will Jefferson,0,1,0.0,Andrew McDonald,0,0,,Glen Chapple,,,Leicestershire,Leics,0.0,1,1.0
492508,2011,110,0.0,1.0,0.0,0.0,,Josh Cobb,0,1,0.0,Andrew McDonald,0,0,,Glen Chapple,JJ Cobb,JJ Cobb c &dagger;Cross b Chapple 0 (1m 1b 0x4 0x6) SR: 0.00,Leicestershire,Leics,0.0,0,0.0
492508,2011,17040,7.0,4.0,0.0,0.0,,James Taylor,15,11,136.36,Jacques Du Toit,12,10,120.0,Stephen Parry,,,Leicestershire,Leics,63.0,3,45.0
492508,2011,17030,7.0,3.0,1.0,0.0,,Jacques Du Toit,12,10,120.0,James Taylor,15,10,150.0,Stephen Parry,,,Leicestershire,Leics,62.0,3,44.0
492508,2011,17020,7.0,2.0,4.0,0.0,,Jacques Du Toit,11,9,122.22,James Taylor,15,10,150.0,Stephen Parry,,,Leicestershire,Leics,58.0,3,43.0
492508,2011,17010,7.0,1.0,0.0,0.0,,Jacques Du Toit,7,8,87.5,James Taylor,15,10,150.0,Stephen Parry,,,Leicestershire,Leics,58.0,3,42.0
492508,2011,16070,6.0,6.0,2.0,0.0,,James Taylor,15,10,150.0,Jacques Du Toit,7,7,100.0,Sajid Mahmood,,,Leicestershire,Leics,56.0,3,41.0
492508,2011,16060,6.0,5.0,4.0,0.0,,James Taylor,13,9,144.44,Jacques Du Toit,7,7,100.0,Sajid Mahmood,,,Leicestershire,Leics,52.0,3,40.0
492508,2011,16050,6.0,5.0,0.0,1.0,wd,James Taylor,9,8,112.5,Jacques Du Toit,7,7,100.0,Sajid Mahmood,,,Leicestershire,Leics,51.0,3,40.0
492508,2011,16040,6.0,4.0,1.0,0.0,,Jacques Du Toit,7,7,100.0,James Taylor,9,8,112.5,Sajid Mahmood,,,Leicestershire,Leics,50.0,3,39.0
492508,2011,16030,6.0,3.0,2.0,0.0,,Jacques Du Toit,6,6,100.0,James Taylor,9,8,112.5,Sajid Mahmood,,,Leicestershire,Leics,48.0,3,38.0
492508,2011,16020,6.0,2.0,1.0,0.0,,James Taylor,9,8,112.5,Jacques Du Toit,4,5,80.0,Sajid Mahmood,,,Leicestershire,Leics,47.0,3,37.0
492508,2011,16010,6.0,1.0,2.0,0.0,,James Taylor,8,7,114.29,Jacques Du Toit,4,5,80.0,Sajid Mahmood,,,Leicestershire,Leics,45.0,3,36.0
492508,2011,15060,5.0,6.0,0.0,0.0,,Jacques Du Toit,4,5,80.0,James Taylor,6,6,100.0,Glen Chapple,,,Leicestershire,Leics,45.0,3,35.0
492508,2011,15050,5.0,5.0,1.0,0.0,,James Taylor,6,6,100.0,Jacques Du Toit,4,4,100.0,Glen Chapple,,,Leicestershire,Leics,44.0,3,34.0
492508,2011,15040,5.0,4.0,0.0,0.0,,James Taylor,5,5,100.0,Jacques Du Toit,4,4,100.0,Glen Chapple,,,Leicestershire,Leics,44.0,3,33.0
492508,2011,15030,5.0,3.0,1.0,0.0,,Jacques Du Toit,4,4,100.0,James Taylor,5,4,125.0,Glen Chapple,,,Leicestershire,Leics,43.0,3,32.0
492508,2011,15020,5.0,2.0,1.0,0.0,,James Taylor,5,4,125.0,Jacques Du Toit,3,3,100.0,Glen Chapple,,,Leicestershire,Leics,42.0,3,31.0
492508,2011,15010,5.0,1.0,1.0,0.0,,Jacques Du Toit,3,3,100.0,James Taylor,4,3,133.33,Glen Chapple,,,Leicestershire,Leics,41.0,3,30.0
492508,2011,14070,4.0,6.0,1.0,0.0,,Jacques Du Toit,2,2,100.0,James Taylor,4,3,133.33,Sajid Mahmood,,,Leicestershire,Leics,40.0,3,29.0
492508,2011,14060,4.0,5.0,1.0,0.0,,James Taylor,4,3,133.33,Jacques Du Toit,1,1,100.0,Sajid Mahmood,,,Leicestershire,Leics,39.0,3,28.0
492508,2011,14050,4.0,4.0,1.0,0.0,,Jacques Du Toit,1,1,100.0,James Taylor,3,2,150.0,Sajid Mahmood,,,Leicestershire,Leics,38.0,3,27.0
492508,2011,14040,4.0,3.0,3.0,0.0,,James Taylor,3,2,150.0,Jacques Du Toit,0,0,,Sajid Mahmood,,,Leicestershire,Leics,35.0,3,26.0
492508,2011,14030,4.0,2.0,0.0,0.0,,James Taylor,0,1,0.0,Jacques Du Toit,0,0,,Sajid Mahmood,,,Leicestershire,Leics,35.0,3,25.0
492508,2011,14020,4.0,2.0,0.0,1.0,wd,James Taylor,0,0,,Jacques Du Toit,0,0,,Sajid Mahmood,,,Leicestershire,Leics,34.0,3,25.0
492508,2011,14010,4.0,1.0,0.0,0.0,,Will Jefferson,23,15,153.33,Jacques Du Toit,0,0,,Sajid Mahmood,WI Jefferson,WI Jefferson  b Mahmood 23 (19m 15b 5x4 0x6) SR: 153.33,Leicestershire,Leics,34.0,2,24.0
492508,2011,13060,3.0,6.0,0.0,0.0,,Andrew McDonald,7,9,77.78,Will Jefferson,23,14,164.29,Farveez Maharoof,AB McDonald,AB McDonald c Parry b Maharoof 7 (17m 9b 1x4 0x6) SR: 77.77,Leicestershire,Leics,34.0,1,23.0
492508,2011,111040,11.0,4.0,0.0,0.0,,Abdul Razzaq,0,3,0.0,Paul Nixon,9,7,128.57,Stephen Parry,,,Leicestershire,Leics,82.0,5,69.0
492508,2011,111030,11.0,3.0,0.0,0.0,,Abdul Razzaq,0,2,0.0,Paul Nixon,9,7,128.57,Stephen Parry,,,Leicestershire,Leics,82.0,5,68.0
492508,2011,111020,11.0,2.0,0.0,0.0,,Abdul Razzaq,0,1,0.0,Paul Nixon,9,7,128.57,Stephen Parry,,,Leicestershire,Leics,82.0,5,67.0
492508,2011,111010,11.0,1.0,0.0,0.0,,James Taylor,19,23,82.61,Paul Nixon,9,7,128.57,Stephen Parry,JWA Taylor,JWA Taylor st &dagger;Cross b Parry 19 (29m 23b 1x4 0x6) SR: 82.60,Leicestershire,Leics,82.0,4,66.0
492508,2011,110060,10.0,6.0,1.0,0.0,,James Taylor,19,22,86.36,Paul Nixon,9,7,128.57,Gary Keedy,,,Leicestershire,Leics,81.0,4,65.0
492508,2011,110050,10.0,5.0,0.0,0.0,,James Taylor,18,21,85.71,Paul Nixon,9,7,128.57,Gary Keedy,,,Leicestershire,Leics,81.0,4,64.0
492508,2011,110040,10.0,4.0,1.0,0.0,,Paul Nixon,9,7,128.57,James Taylor,18,20,90.0,Gary Keedy,,,Leicestershire,Leics,80.0,4,63.0
492508,2011,110030,10.0,3.0,4.0,0.0,,Paul Nixon,8,6,133.33,James Taylor,18,20,90.0,Gary Keedy,,,Leicestershire,Leics,76.0,4,62.0
492508,2011,110020,10.0,2.0,1.0,0.0,,James Taylor,18,20,90.0,Paul Nixon,4,5,80.0,Gary Keedy,,,Leicestershire,Leics,75.0,4,61.0
492508,2011,110010,10.0,1.0,1.0,0.0,,Paul Nixon,4,5,80.0,James Taylor,17,19,89.47,Gary Keedy,,,Leicestershire,Leics,74.0,4,60.0
492508,2011,19070,9.0,6.0,0.0,0.0,,James Taylor,17,19,89.47,Paul Nixon,3,4,75.0,Stephen Parry,,,Leicestershire,Leics,74.0,4,59.0
492508,2011,19060,9.0,5.0,1.0,0.0,,Paul Nixon,3,4,75.0,James Taylor,17,18,94.44,Stephen Parry,,,Leicestershire,Leics,73.0,4,58.0
492508,2011,19050,9.0,4.0,1.0,0.0,,James Taylor,17,18,94.44,Paul Nixon,2,3,66.67,Stephen Parry,,,Leicestershire,Leics,72.0,4,57.0
492508,2011,19040,9.0,3.0,0.0,0.0,,James Taylor,16,17,94.12,Paul Nixon,2,3,66.67,Stephen Parry,,,Leicestershire,Leics,72.0,4,56.0
492508,2011,19030,9.0,3.0,0.0,2.0,wd,Paul Nixon,2,3,66.67,James Taylor,16,16,100.0,Stephen Parry,,,Leicestershire,Leics,70.0,4,56.0
492508,2011,19020,9.0,2.0,1.0,0.0,,James Taylor,16,16,100.0,Paul Nixon,2,3,66.67,Stephen Parry,,,Leicestershire,Leics,69.0,4,55.0
492508,2011,19010,9.0,1.0,1.0,0.0,,Paul Nixon,2,3,66.67,James Taylor,15,15,100.0,Stephen Parry,,,Leicestershire,Leics,68.0,4,54.0
492508,2011,18060,8.0,6.0,0.0,0.0,,James Taylor,15,15,100.0,Paul Nixon,1,2,50.0,Gary Keedy,,,Leicestershire,Leics,68.0,4,53.0
492508,2011,18050,8.0,5.0,0.0,0.0,,James Taylor,15,14,107.14,Paul Nixon,1,2,50.0,Gary Keedy,,,Leicestershire,Leics,68.0,4,52.0
492508,2011,18040,8.0,4.0,1.0,0.0,,Paul Nixon,1,2,50.0,James Taylor,15,13,115.38,Gary Keedy,,,Leicestershire,Leics,67.0,4,51.0
492508,2011,18030,8.0,3.0,0.0,0.0,,Paul Nixon,0,1,0.0,James Taylor,15,13,115.38,Gary Keedy,,,Leicestershire,Leics,67.0,4,50.0
492508,2011,18020,8.0,2.0,0.0,0.0,,Jacques Du Toit,16,12,133.33,James Taylor,15,13,115.38,Gary Keedy,J du Toit,J du Toit st &dagger;Cross b Keedy 16 (20m 12b 2x4 0x6) SR: 133.33,Leicestershire,Leics,67.0,3,49.0
492508,2011,18010,8.0,1.0,4.0,0.0,,Jacques Du Toit,16,11,145.45,James Taylor,15,13,115.38,Gary Keedy,,,Leicestershire,Leics,63.0,3,48.0
492508,2011,17060,7.0,6.0,0.0,0.0,,James Taylor,15,13,115.38,Jacques Du Toit,12,10,120.0,Stephen Parry,,,Leicestershire,Leics,63.0,3,47.0
492508,2011,17050,7.0,5.0,0.0,0.0,,James Taylor,15,12,125.0,Jacques Du Toit,12,10,120.0,Stephen Parry,,,Leicestershire,Leics,63.0,3,46.0
492508,2011,115050,15.0,5.0,1.0,0.0,,Paul Nixon,16,16,100.0,Abdul Razzaq,19,19,100.0,Farveez Maharoof,,,Leicestershire,Leics,107.0,5,94.0
492508,2011,115040,15.0,4.0,1.0,0.0,,Abdul Razzaq,19,19,100.0,Paul Nixon,15,15,100.0,Farveez Maharoof,,,Leicestershire,Leics,106.0,5,93.0
492508,2011,115030,15.0,3.0,1.0,0.0,,Paul Nixon,15,15,100.0,Abdul Razzaq,18,18,100.0,Farveez Maharoof,,,Leicestershire,Leics,105.0,5,92.0
492508,2011,115020,15.0,2.0,1.0,0.0,,Abdul Razzaq,18,18,100.0,Paul Nixon,14,14,100.0,Farveez Maharoof,,,Leicestershire,Leics,104.0,5,91.0
492508,2011,115010,15.0,1.0,6.0,0.0,,Abdul Razzaq,17,17,100.0,Paul Nixon,14,14,100.0,Farveez Maharoof,,,Leicestershire,Leics,98.0,5,90.0
492508,2011,114060,14.0,6.0,1.0,0.0,,Abdul Razzaq,11,16,68.75,Paul Nixon,14,14,100.0,Gary Keedy,,,Leicestershire,Leics,97.0,5,89.0
492508,2011,114050,14.0,5.0,0.0,0.0,,Abdul Razzaq,10,15,66.67,Paul Nixon,14,14,100.0,Gary Keedy,,,Leicestershire,Leics,97.0,5,88.0
492508,2011,114040,14.0,4.0,1.0,0.0,,Paul Nixon,14,14,100.0,Abdul Razzaq,10,14,71.43,Gary Keedy,,,Leicestershire,Leics,96.0,5,87.0
492508,2011,114030,14.0,3.0,1.0,0.0,,Abdul Razzaq,10,14,71.43,Paul Nixon,13,13,100.0,Gary Keedy,,,Leicestershire,Leics,95.0,5,86.0
492508,2011,114020,14.0,2.0,6.0,0.0,,Abdul Razzaq,9,13,69.23,Paul Nixon,13,13,100.0,Gary Keedy,,,Leicestershire,Leics,89.0,5,85.0
492508,2011,114010,14.0,1.0,0.0,0.0,,Abdul Razzaq,3,12,25.0,Paul Nixon,13,13,100.0,Gary Keedy,,,Leicestershire,Leics,89.0,5,84.0
492508,2011,113060,13.0,6.0,0.0,0.0,,Paul Nixon,13,13,100.0,Abdul Razzaq,3,11,27.27,Stephen Parry,,,Leicestershire,Leics,89.0,5,83.0
492508,2011,113050,13.0,5.0,1.0,0.0,,Abdul Razzaq,3,11,27.27,Paul Nixon,13,12,108.33,Stephen Parry,,,Leicestershire,Leics,88.0,5,82.0
492508,2011,113040,13.0,4.0,0.0,0.0,,Abdul Razzaq,2,10,20.0,Paul Nixon,13,12,108.33,Stephen Parry,,,Leicestershire,Leics,88.0,5,81.0
492508,2011,113030,13.0,3.0,1.0,0.0,,Paul Nixon,13,12,108.33,Abdul Razzaq,2,9,22.22,Stephen Parry,,,Leicestershire,Leics,87.0,5,80.0
492508,2011,113020,13.0,2.0,1.0,0.0,,Abdul Razzaq,2,9,22.22,Paul Nixon,12,11,109.09,Stephen Parry,,,Leicestershire,Leics,86.0,5,79.0
492508,2011,113010,13.0,1.0,1.0,0.0,,Paul Nixon,12,11,109.09,Abdul Razzaq,1,8,12.5,Stephen Parry,,,Leicestershire,Leics,85.0,5,78.0
492508,2011,112060,12.0,6.0,0.0,0.0,,Abdul Razzaq,1,8,12.5,Paul Nixon,11,10,110.0,Gary Keedy,,,Leicestershire,Leics,85.0,5,77.0
492508,2011,112050,12.0,5.0,1.0,0.0,,Paul Nixon,11,10,110.0,Abdul Razzaq,1,7,14.29,Gary Keedy,,,Leicestershire,Leics,84.0,5,76.0
492508,2011,112040,12.0,4.0,0.0,0.0,,Paul Nixon,10,9,111.11,Abdul Razzaq,1,7,14.29,Gary Keedy,,,Leicestershire,Leics,84.0,5,75.0
492508,2011,112030,12.0,3.0,1.0,0.0,,Abdul Razzaq,1,7,14.29,Paul Nixon,10,8,125.0,Gary Keedy,,,Leicestershire,Leics,83.0,5,74.0
492508,2011,112020,12.0,2.0,0.0,0.0,,Abdul Razzaq,0,6,0.0,Paul Nixon,10,8,125.0,Gary Keedy,,,Leicestershire,Leics,83.0,5,73.0
492508,2011,112010,12.0,1.0,1.0,0.0,,Paul Nixon,10,8,125.0,Abdul Razzaq,0,5,0.0,Gary Keedy,,,Leicestershire,Leics,82.0,5,72.0
492508,2011,111060,11.0,6.0,0.0,0.0,,Abdul Razzaq,0,5,0.0,Paul Nixon,9,7,128.57,Stephen Parry,,,Leicestershire,Leics,82.0,5,71.0
492508,2011,111050,11.0,5.0,0.0,0.0,,Abdul Razzaq,0,4,0.0,Paul Nixon,9,7,128.57,Stephen Parry,,,Leicestershire,Leics,82.0,5,70.0
492508,2011,210060,10.0,6.0,6.0,0.0,,Gareth Cross,12,5,240.0,Farveez Maharoof,0,1,0.0,Wayne White,,,Lancashire,Lancs,73.0,6,65.0
492508,2011,210050,10.0,5.0,0.0,1.0,b,Farveez Maharoof,0,1,0.0,Gareth Cross,6,4,150.0,Wayne White,,,Lancashire,Lancs,72.0,6,64.0
492508,2011,210040,10.0,4.0,1.0,0.0,,Gareth Cross,6,4,150.0,Farveez Maharoof,0,0,,Wayne White,,,Lancashire,Lancs,71.0,6,63.0
492508,2011,210030,10.0,3.0,1.0,0.0,,Sajid Mahmood,1,1,100.0,Gareth Cross,5,3,166.67,Wayne White,SI Mahmood,SI Mahmood run out (du Toit/&dagger;Nixon/White) 1 (2m 1b 0x4 0x6) SR: 100.00,Lancashire,Lancs,70.0,5,62.0
492508,2011,210020,10.0,2.0,1.0,0.0,,Gareth Cross,5,3,166.67,Sajid Mahmood,0,0,,Wayne White,,,Lancashire,Lancs,69.0,5,61.0
492508,2011,210010,10.0,1.0,0.0,0.0,,Paul Horton,0,1,0.0,Gareth Cross,4,2,200.0,Wayne White,PJ Horton,PJ Horton c Cobb b White 0 (4m 1b 0x4 0x6) SR: 0.00,Lancashire,Lancs,69.0,4,60.0
492508,2011,29060,9.0,6.0,2.0,0.0,,Gareth Cross,4,2,200.0,Paul Horton,0,0,,Josh Cobb,,,Lancashire,Lancs,67.0,4,59.0
492508,2011,29050,9.0,5.0,2.0,0.0,,Gareth Cross,2,1,200.0,Paul Horton,0,0,,Josh Cobb,,,Lancashire,Lancs,65.0,4,58.0
492508,2011,29040,9.0,4.0,0.0,0.0,,Stephen Moore,43,31,138.71,Paul Horton,0,0,,Josh Cobb,SC Moore,SC Moore c Taylor b Cobb 43 (36m 31b 7x4 1x6) SR: 138.70,Lancashire,Lancs,65.0,3,57.0
492508,2011,29030,9.0,3.0,0.0,0.0,,Karl Brown,2,3,66.67,Stephen Moore,43,30,143.33,Josh Cobb,KR Brown,KR Brown c White b Cobb 2 (3m 3b 0x4 0x6) SR: 66.66,Lancashire,Lancs,65.0,2,56.0
492508,2011,29020,9.0,2.0,0.0,0.0,,Karl Brown,2,2,100.0,Stephen Moore,43,30,143.33,Josh Cobb,,,Lancashire,Lancs,65.0,2,55.0
492508,2011,29010,9.0,1.0,2.0,0.0,,Karl Brown,2,1,200.0,Stephen Moore,43,30,143.33,Josh Cobb,,,Lancashire,Lancs,63.0,2,54.0
492508,2011,28060,8.0,6.0,4.0,0.0,,Stephen Moore,43,30,143.33,Karl Brown,0,0,,Andrew McDonald,,,Lancashire,Lancs,59.0,2,53.0
492508,2011,28050,8.0,5.0,0.0,0.0,,Stephen Moore,39,29,134.48,Karl Brown,0,0,,Andrew McDonald,,,Lancashire,Lancs,59.0,2,52.0
492508,2011,28040,8.0,4.0,6.0,0.0,,Stephen Moore,39,28,139.29,Karl Brown,0,0,,Andrew McDonald,,,Lancashire,Lancs,53.0,2,51.0
492508,2011,28030,8.0,3.0,0.0,0.0,,Stephen Moore,33,27,122.22,Karl Brown,0,0,,Andrew McDonald,,,Lancashire,Lancs,53.0,2,50.0
492508,2011,24010,4.0,1.0,0.0,1.0,lb,Stephen Moore,27,21,128.57,Tom Smith,3,4,75.0,Matthew Hoggard,,,Lancashire,Lancs,30.0,0,24.0
492508,2011,23060,3.0,6.0,1.0,0.0,,Stephen Moore,27,20,135.0,Tom Smith,3,4,75.0,Abdul Razzaq,,,Lancashire,Lancs,29.0,0,23.0
492508,2011,23050,3.0,5.0,4.0,0.0,,Stephen Moore,26,19,136.84,Tom Smith,3,4,75.0,Abdul Razzaq,,,Lancashire,Lancs,25.0,0,22.0
492508,2011,23040,3.0,4.0,0.0,0.0,,Stephen Moore,22,18,122.22,Tom Smith,3,4,75.0,Abdul Razzaq,,,Lancashire,Lancs,25.0,0,21.0
492508,2011,23030,3.0,3.0,4.0,0.0,,Stephen Moore,22,17,129.41,Tom Smith,3,4,75.0,Abdul Razzaq,,,Lancashire,Lancs,21.0,0,20.0
492508,2011,23020,3.0,2.0,4.0,0.0,,Stephen Moore,18,16,112.5,Tom Smith,3,4,75.0,Abdul Razzaq,,,Lancashire,Lancs,17.0,0,19.0
492508,2011,23010,3.0,1.0,4.0,0.0,,Stephen Moore,14,15,93.33,Tom Smith,3,4,75.0,Abdul Razzaq,,,Lancashire,Lancs,13.0,0,18.0
492508,2011,22060,2.0,6.0,1.0,0.0,,Stephen Moore,10,14,71.43,Tom Smith,3,4,75.0,Matthew Hoggard,,,Lancashire,Lancs,12.0,0,17.0
492508,2011,22050,2.0,5.0,0.0,0.0,,Stephen Moore,9,13,69.23,Tom Smith,3,4,75.0,Matthew Hoggard,,,Lancashire,Lancs,12.0,0,16.0
492508,2011,22040,2.0,4.0,0.0,0.0,,Stephen Moore,9,12,75.0,Tom Smith,3,4,75.0,Matthew Hoggard,,,Lancashire,Lancs,12.0,0,15.0
492508,2011,22030,2.0,3.0,1.0,0.0,,Tom Smith,3,4,75.0,Stephen Moore,9,11,81.82,Matthew Hoggard,,,Lancashire,Lancs,11.0,0,14.0
492508,2011,22020,2.0,2.0,1.0,0.0,,Stephen Moore,9,11,81.82,Tom Smith,2,3,66.67,Matthew Hoggard,,,Lancashire,Lancs,10.0,0,13.0
492508,2011,22010,2.0,1.0,0.0,0.0,,Stephen Moore,8,10,80.0,Tom Smith,2,3,66.67,Matthew Hoggard,,,Lancashire,Lancs,10.0,0,12.0
492508,2011,21060,1.0,6.0,1.0,0.0,,Stephen Moore,8,9,88.89,Tom Smith,2,3,66.67,Abdul Razzaq,,,Lancashire,Lancs,9.0,0,11.0
492508,2011,21050,1.0,5.0,0.0,0.0,,Stephen Moore,7,8,87.5,Tom Smith,2,3,66.67,Abdul Razzaq,,,Lancashire,Lancs,9.0,0,10.0
492508,2011,21040,1.0,4.0,1.0,0.0,,Tom Smith,2,3,66.67,Stephen Moore,7,7,100.0,Abdul Razzaq,,,Lancashire,Lancs,8.0,0,9.0
492508,2011,21030,1.0,3.0,1.0,0.0,,Stephen Moore,7,7,100.0,Tom Smith,1,2,50.0,Abdul Razzaq,,,Lancashire,Lancs,7.0,0,8.0
492508,2011,21020,1.0,2.0,0.0,0.0,,Stephen Moore,6,6,100.0,Tom Smith,1,2,50.0,Abdul Razzaq,,,Lancashire,Lancs,7.0,0,7.0
492508,2011,21010,1.0,1.0,0.0,0.0,,Stephen Moore,6,5,120.0,Tom Smith,1,2,50.0,Abdul Razzaq,,,Lancashire,Lancs,7.0,0,6.0
492508,2011,260,0.0,6.0,1.0,0.0,,Stephen Moore,6,4,150.0,Tom Smith,1,2,50.0,Matthew Hoggard,,,Lancashire,Lancs,6.0,0,5.0
492508,2011,250,0.0,5.0,0.0,0.0,,Stephen Moore,5,3,166.67,Tom Smith,1,2,50.0,Matthew Hoggard,,,Lancashire,Lancs,6.0,0,4.0
492508,2011,240,0.0,4.0,1.0,0.0,,Tom Smith,1,2,50.0,Stephen Moore,5,2,250.0,Matthew Hoggard,,,Lancashire,Lancs,5.0,0,3.0
492508,2011,230,0.0,3.0,0.0,0.0,,Tom Smith,0,1,0.0,Stephen Moore,5,2,250.0,Matthew Hoggard,,,Lancashire,Lancs,5.0,0,2.0
492508,2011,220,0.0,2.0,1.0,0.0,,Stephen Moore,5,2,250.0,Tom Smith,0,0,,Matthew Hoggard,,,Lancashire,Lancs,4.0,0,1.0
492508,2011,210,0.0,1.0,4.0,0.0,,Stephen Moore,4,1,400.0,Tom Smith,0,0,,Matthew Hoggard,,,Lancashire,Lancs,0.0,0,0.0
492508,2011,28020,8.0,2.0,0.0,0.0,,Steven Croft,10,16,62.5,Stephen Moore,33,26,126.92,Andrew McDonald,SJ Croft,SJ Croft c Henderson b McDonald 10 (7m 16b 1x4 0x6) SR: 62.50,Lancashire,Lancs,53.0,1,49.0
492508,2011,28010,8.0,1.0,2.0,0.0,,Steven Croft,10,15,66.67,Stephen Moore,33,26,126.92,Andrew McDonald,,,Lancashire,Lancs,51.0,1,48.0
492508,2011,27060,7.0,6.0,1.0,0.0,,Steven Croft,8,14,57.14,Stephen Moore,33,26,126.92,Claude Henderson,,,Lancashire,Lancs,50.0,1,47.0
492508,2011,27050,7.0,5.0,0.0,0.0,,Steven Croft,7,13,53.85,Stephen Moore,33,26,126.92,Claude Henderson,,,Lancashire,Lancs,50.0,1,46.0
492508,2011,27040,7.0,4.0,1.0,0.0,,Stephen Moore,33,26,126.92,Steven Croft,7,12,58.33,Claude Henderson,,,Lancashire,Lancs,49.0,1,45.0
492508,2011,27030,7.0,3.0,1.0,0.0,,Steven Croft,7,12,58.33,Stephen Moore,32,25,128.0,Claude Henderson,,,Lancashire,Lancs,48.0,1,44.0
492508,2011,27020,7.0,2.0,0.0,0.0,,Steven Croft,6,11,54.55,Stephen Moore,32,25,128.0,Claude Henderson,,,Lancashire,Lancs,48.0,1,43.0
492508,2011,27010,7.0,1.0,0.0,0.0,,Steven Croft,6,10,60.0,Stephen Moore,32,25,128.0,Claude Henderson,,,Lancashire,Lancs,48.0,1,42.0
492508,2011,26060,6.0,6.0,0.0,0.0,,Stephen Moore,32,25,128.0,Steven Croft,6,9,66.67,Andrew McDonald,,,Lancashire,Lancs,48.0,1,41.0
492508,2011,26050,6.0,5.0,1.0,0.0,,Steven Croft,6,9,66.67,Stephen Moore,32,24,133.33,Andrew McDonald,,,Lancashire,Lancs,47.0,1,40.0
492508,2011,26040,6.0,4.0,0.0,0.0,,Steven Croft,5,8,62.5,Stephen Moore,32,24,133.33,Andrew McDonald,,,Lancashire,Lancs,47.0,1,39.0
492508,2011,26030,6.0,3.0,0.0,0.0,,Steven Croft,5,7,71.43,Stephen Moore,32,24,133.33,Andrew McDonald,,,Lancashire,Lancs,47.0,1,38.0
492508,2011,26020,6.0,2.0,4.0,0.0,,Steven Croft,5,6,83.33,Stephen Moore,32,24,133.33,Andrew McDonald,,,Lancashire,Lancs,43.0,1,37.0
492508,2011,26010,6.0,1.0,0.0,0.0,,Steven Croft,1,5,20.0,Stephen Moore,32,24,133.33,Andrew McDonald,,,Lancashire,Lancs,43.0,1,36.0
492508,2011,25060,5.0,6.0,1.0,0.0,,Steven Croft,1,4,25.0,Stephen Moore,32,24,133.33,Claude Henderson,,,Lancashire,Lancs,42.0,1,35.0
492508,2011,25050,5.0,5.0,0.0,0.0,,Steven Croft,0,3,0.0,Stephen Moore,32,24,133.33,Claude Henderson,,,Lancashire,Lancs,42.0,1,34.0
492508,2011,25040,5.0,4.0,0.0,0.0,,Steven Croft,0,2,0.0,Stephen Moore,32,24,133.33,Claude Henderson,,,Lancashire,Lancs,42.0,1,33.0
492508,2011,25030,5.0,3.0,0.0,0.0,,Steven Croft,0,1,0.0,Stephen Moore,32,24,133.33,Claude Henderson,,,Lancashire,Lancs,42.0,1,32.0
492508,2011,25020,5.0,2.0,0.0,0.0,,Tom Smith,9,8,112.5,Stephen Moore,32,24,133.33,Claude Henderson,TC Smith,TC Smith lbw b Henderson 9 (21m 8b 1x4 0x6) SR: 112.50,Lancashire,Lancs,42.0,0,31.0
492508,2011,25010,5.0,1.0,4.0,0.0,,Tom Smith,9,7,128.57,Stephen Moore,32,24,133.33,Claude Henderson,,,Lancashire,Lancs,38.0,0,30.0
492508,2011,24060,4.0,6.0,1.0,0.0,,Tom Smith,5,6,83.33,Stephen Moore,32,24,133.33,Matthew Hoggard,,,Lancashire,Lancs,37.0,0,29.0
492508,2011,24050,4.0,5.0,1.0,0.0,,Stephen Moore,32,24,133.33,Tom Smith,4,5,80.0,Matthew Hoggard,,,Lancashire,Lancs,36.0,0,28.0
492508,2011,24040,4.0,4.0,4.0,0.0,,Stephen Moore,31,23,134.78,Tom Smith,4,5,80.0,Matthew Hoggard,,,Lancashire,Lancs,32.0,0,27.0
492508,2011,24030,4.0,3.0,0.0,0.0,,Stephen Moore,27,22,122.73,Tom Smith,4,5,80.0,Matthew Hoggard,,,Lancashire,Lancs,32.0,0,26.0
492508,2011,24020,4.0,2.0,1.0,0.0,,Tom Smith,4,5,80.0,Stephen Moore,27,21,128.57,Matthew Hoggard,,,Lancashire,Lancs,31.0,0,25.0
